"nCount","nFeature","pct_mt","pct_ribo","pct_hb","batch"
1178,292,2.97113752122241,0,0,"batchA"
1197,297,2.17209690893901,0,0,"batchA"
1235,295,2.34817813765182,0,0,"batchA"
1225,299,2.04081632653061,0,0,"batchA"
1165,293,2.31759656652361,0,0,"batchA"
1214,294,2.8006589785832,0,0,"batchA"
1267,298,1.97316495659037,0,0,"batchA"
1187,295,2.44313395113732,0,0,"batchA"
1215,295,2.38683127572016,0,0,"batchA"
1173,292,2.13128729752771,0,0,"batchA"
1203,295,2.49376558603491,0,0,"batchA"
1256,294,2.62738853503185,0,0,"batchA"
1194,297,1.42378559463987,0,0,"batchA"
1183,294,2.02874049027895,0,0,"batchA"
1295,297,2.47104247104247,0,0,"batchA"
1166,291,3.43053173241852,0,0,"batchA"
1239,296,2.82485875706215,0,0,"batchA"
1223,295,3.84300899427637,0,0,"batchA"
1215,296,2.96296296296296,0,0,"batchA"
1195,297,2.17573221757322,0,0,"batchA"
1236,293,1.05177993527508,0,0,"batchA"
1236,294,1.69902912621359,0,0,"batchA"
1178,297,2.12224108658744,0,0,"batchA"
1279,295,1.87646598905395,0,0,"batchA"
1243,298,2.33306516492357,0,0,"batchA"
1256,293,1.7515923566879,0,0,"batchA"
1223,291,2.94358135731807,0,0,"batchA"
1228,296,1.54723127035831,0,0,"batchA"
1228,295,2.44299674267101,0,0,"batchA"
1227,294,2.44498777506112,0,0,"batchA"
1258,294,2.38473767885533,0,0,"batchA"
1221,299,1.88370188370188,0,0,"batchA"
1257,297,2.54574383452665,0,0,"batchA"
1144,294,1.83566433566434,0,0,"batchA"
1184,295,2.11148648648649,0,0,"batchA"
1204,293,2.40863787375415,0,0,"batchA"
1254,297,2.95055821371611,0,0,"batchA"
1208,298,2.23509933774834,0,0,"batchA"
1203,296,2.8262676641729,0,0,"batchA"
1172,295,2.73037542662116,0,0,"batchA"
623,261,2.24719101123596,0,0,"batchA"
601,263,3.16139767054908,0,0,"batchA"
609,253,1.64203612479475,0,0,"batchA"
602,259,1.99335548172757,0,0,"batchA"
604,259,1.98675496688742,0,0,"batchA"
603,270,2.98507462686567,0,0,"batchA"
601,258,2.1630615640599,0,0,"batchA"
687,276,2.03784570596798,0,0,"batchA"
583,260,2.40137221269297,0,0,"batchA"
594,253,1.51515151515152,0,0,"batchA"
650,266,2.46153846153846,0,0,"batchA"
559,262,2.14669051878354,0,0,"batchA"
597,263,1.84254606365159,0,0,"batchA"
672,264,1.63690476190476,0,0,"batchA"
566,261,3.00353356890459,0,0,"batchA"
618,259,2.9126213592233,0,0,"batchA"
624,262,3.04487179487179,0,0,"batchA"
627,262,3.50877192982456,0,0,"batchA"
618,270,2.10355987055016,0,0,"batchA"
615,264,1.95121951219512,0,0,"batchA"
604,265,1.98675496688742,0,0,"batchA"
606,260,2.47524752475248,0,0,"batchA"
623,258,2.56821829855538,0,0,"batchA"
592,255,2.7027027027027,0,0,"batchA"
638,273,3.13479623824451,0,0,"batchA"
587,261,1.36286201022147,0,0,"batchA"
644,258,3.41614906832298,0,0,"batchA"
686,273,2.47813411078717,0,0,"batchA"
633,259,2.3696682464455,0,0,"batchA"
616,266,0.974025974025974,0,0,"batchA"
583,253,2.05831903945111,0,0,"batchA"
616,261,2.92207792207792,0,0,"batchA"
619,252,2.10016155088853,0,0,"batchA"
606,259,2.14521452145215,0,0,"batchA"
589,267,3.05602716468591,0,0,"batchA"
623,259,3.04975922953451,0,0,"batchA"
603,262,1.65837479270315,0,0,"batchA"
598,252,3.01003344481605,0,0,"batchA"
636,265,3.30188679245283,0,0,"batchA"
574,256,2.26480836236934,0,0,"batchA"
622,261,2.09003215434084,0,0,"batchA"
592,261,2.02702702702703,0,0,"batchA"
616,263,1.78571428571429,0,0,"batchA"
623,265,2.56821829855538,0,0,"batchA"
642,262,2.02492211838006,0,0,"batchA"
650,268,1.53846153846154,0,0,"batchA"
585,251,2.05128205128205,0,0,"batchA"
598,266,2.0066889632107,0,0,"batchA"
629,270,2.38473767885533,0,0,"batchA"
609,258,1.80623973727422,0,0,"batchA"
614,255,2.76872964169381,0,0,"batchA"
626,261,1.75718849840256,0,0,"batchA"
616,263,1.62337662337662,0,0,"batchA"
653,262,2.29709035222052,0,0,"batchA"
576,252,2.25694444444444,0,0,"batchA"
618,263,2.10355987055016,0,0,"batchA"
610,260,2.78688524590164,0,0,"batchA"
621,258,2.25442834138486,0,0,"batchA"
600,250,2.16666666666667,0,0,"batchA"
583,256,1.88679245283019,0,0,"batchA"
630,274,2.22222222222222,0,0,"batchA"
604,265,2.1523178807947,0,0,"batchA"
619,257,3.23101777059774,0,0,"batchA"
611,261,2.61865793780687,0,0,"batchA"
650,265,1.53846153846154,0,0,"batchA"
591,255,2.36886632825719,0,0,"batchA"
619,259,1.61550888529887,0,0,"batchA"
627,272,1.91387559808612,0,0,"batchA"
576,255,1.73611111111111,0,0,"batchA"
617,255,2.26904376012966,0,0,"batchA"
626,261,1.75718849840256,0,0,"batchA"
607,255,2.63591433278418,0,0,"batchA"
632,259,1.10759493670886,0,0,"batchA"
626,258,2.71565495207668,0,0,"batchA"
622,259,1.76848874598071,0,0,"batchA"
569,242,3.33919156414763,0,0,"batchA"
634,263,3.15457413249211,0,0,"batchA"
624,270,0.961538461538462,0,0,"batchA"
621,265,3.7037037037037,0,0,"batchA"
699,271,2.28898426323319,0,0,"batchA"
624,263,1.12179487179487,0,0,"batchA"
604,258,2.98013245033113,0,0,"batchA"
668,269,2.39520958083832,0,0,"batchA"
626,260,2.23642172523962,0,0,"batchA"
611,265,1.80032733224223,0,0,"batchA"
664,267,1.9578313253012,0,0,"batchA"
614,255,2.60586319218241,0,0,"batchA"
660,270,2.57575757575758,0,0,"batchA"
578,259,2.94117647058824,0,0,"batchA"
607,250,2.47116968698517,0,0,"batchA"
600,259,2.16666666666667,0,0,"batchA"
620,257,2.90322580645161,0,0,"batchA"
626,258,2.87539936102236,0,0,"batchA"
612,263,1.79738562091503,0,0,"batchA"
606,263,2.14521452145215,0,0,"batchA"
596,265,2.3489932885906,0,0,"batchA"
604,254,1.98675496688742,0,0,"batchA"
609,262,2.46305418719212,0,0,"batchA"
629,258,2.06677265500795,0,0,"batchA"
588,261,1.02040816326531,0,0,"batchA"
647,272,2.00927357032457,0,0,"batchA"
624,261,2.08333333333333,0,0,"batchA"
595,249,2.35294117647059,0,0,"batchA"
626,260,2.55591054313099,0,0,"batchA"
586,250,1.5358361774744,0,0,"batchA"
599,264,1.83639398998331,0,0,"batchA"
622,261,2.89389067524116,0,0,"batchA"
627,264,1.75438596491228,0,0,"batchA"
565,253,1.94690265486726,0,0,"batchA"
595,257,3.19327731092437,0,0,"batchA"
623,265,1.92616372391653,0,0,"batchA"
663,269,1.65912518853695,0,0,"batchA"
630,269,2.53968253968254,0,0,"batchA"
618,263,2.10355987055016,0,0,"batchA"
619,249,2.26171243941842,0,0,"batchA"
622,260,1.92926045016077,0,0,"batchA"
596,263,3.35570469798658,0,0,"batchA"
649,266,2.31124807395994,0,0,"batchA"
606,264,1.65016501650165,0,0,"batchA"
637,262,2.35478806907378,0,0,"batchA"
632,257,2.68987341772152,0,0,"batchA"
568,268,2.8169014084507,0,0,"batchA"
638,265,2.03761755485893,0,0,"batchA"
613,257,1.79445350734095,0,0,"batchA"
643,271,1.5552099533437,0,0,"batchA"
609,262,2.62725779967159,0,0,"batchA"
604,255,1.49006622516556,0,0,"batchA"
572,255,3.32167832167832,0,0,"batchA"
600,262,1.66666666666667,0,0,"batchA"
627,261,2.5518341307815,0,0,"batchA"
589,252,2.03735144312394,0,0,"batchA"
586,250,2.38907849829352,0,0,"batchA"
645,261,1.55038759689922,0,0,"batchA"
582,247,2.40549828178694,0,0,"batchA"
652,261,2.45398773006135,0,0,"batchA"
637,261,1.56985871271586,0,0,"batchA"
612,260,1.63398692810458,0,0,"batchA"
634,264,2.20820189274448,0,0,"batchA"
664,266,2.25903614457831,0,0,"batchA"
646,261,2.01238390092879,0,0,"batchA"
611,265,2.94599018003273,0,0,"batchA"
577,255,3.11958405545927,0,0,"batchA"
575,248,3.65217391304348,0,0,"batchA"
592,257,2.53378378378378,0,0,"batchA"
590,256,1.86440677966102,0,0,"batchA"
622,251,2.09003215434084,0,0,"batchA"
623,257,1.60513643659711,0,0,"batchA"
610,253,2.29508196721311,0,0,"batchA"
637,266,2.51177394034537,0,0,"batchA"
577,257,1.38648180242634,0,0,"batchA"
615,253,2.4390243902439,0,0,"batchA"
570,251,2.80701754385965,0,0,"batchA"
599,250,2.50417362270451,0,0,"batchA"
626,259,2.23642172523962,0,0,"batchA"
621,261,2.09339774557166,0,0,"batchA"
593,266,1.5177065767285,0,0,"batchA"
614,270,2.44299674267101,0,0,"batchA"
610,258,1.9672131147541,0,0,"batchA"
592,253,1.85810810810811,0,0,"batchA"
626,266,2.3961661341853,0,0,"batchA"
617,267,2.10696920583468,0,0,"batchA"
570,259,2.28070175438596,0,0,"batchA"
574,259,2.09059233449477,0,0,"batchA"
641,259,2.96411856474259,0,0,"batchA"
618,264,2.10355987055016,0,0,"batchA"
591,273,2.53807106598985,0,0,"batchA"
606,252,1.65016501650165,0,0,"batchA"
575,259,2.26086956521739,0,0,"batchA"
609,264,1.64203612479475,0,0,"batchA"
612,250,1.30718954248366,0,0,"batchA"
596,257,3.02013422818792,0,0,"batchA"
637,260,2.51177394034537,0,0,"batchA"
610,262,2.29508196721311,0,0,"batchA"
645,263,1.86046511627907,0,0,"batchA"
611,250,2.7823240589198,0,0,"batchA"
610,263,2.13114754098361,0,0,"batchA"
624,263,2.24358974358974,0,0,"batchA"
623,275,2.8892455858748,0,0,"batchA"
584,258,2.05479452054795,0,0,"batchA"
629,261,1.4308426073132,0,0,"batchA"
636,269,2.35849056603774,0,0,"batchA"
621,260,2.57648953301127,0,0,"batchA"
608,262,1.15131578947368,0,0,"batchA"
593,255,3.20404721753794,0,0,"batchA"
628,269,2.54777070063694,0,0,"batchA"
608,257,2.79605263157895,0,0,"batchA"
634,252,2.05047318611987,0,0,"batchA"
578,264,2.07612456747405,0,0,"batchA"
610,256,1.9672131147541,0,0,"batchA"
644,269,2.48447204968944,0,0,"batchA"
612,259,2.45098039215686,0,0,"batchA"
602,267,2.32558139534884,0,0,"batchA"
599,264,2.17028380634391,0,0,"batchA"
588,253,1.70068027210884,0,0,"batchA"
650,262,2.46153846153846,0,0,"batchA"
616,252,2.75974025974026,0,0,"batchA"
606,264,2.97029702970297,0,0,"batchA"
608,256,2.96052631578947,0,0,"batchA"
649,262,1.69491525423729,0,0,"batchA"
628,260,2.07006369426752,0,0,"batchA"
587,254,1.70357751277683,0,0,"batchA"
632,270,2.05696202531646,0,0,"batchA"
617,263,2.91734197730956,0,0,"batchA"
602,252,2.32558139534884,0,0,"batchA"
586,252,3.7542662116041,0,0,"batchA"
616,260,2.75974025974026,0,0,"batchA"
627,264,2.39234449760766,0,0,"batchA"
580,247,1.72413793103448,0,0,"batchA"
617,263,0.972447325769854,0,0,"batchA"
575,248,2.08695652173913,0,0,"batchA"
636,261,2.51572327044025,0,0,"batchA"
603,274,1.49253731343284,0,0,"batchA"
595,256,2.01680672268908,0,0,"batchA"
621,252,1.77133655394525,0,0,"batchA"
622,262,1.76848874598071,0,0,"batchA"
597,259,1.84254606365159,0,0,"batchA"
613,265,1.79445350734095,0,0,"batchA"
584,256,2.22602739726027,0,0,"batchA"
632,270,2.68987341772152,0,0,"batchA"
586,254,2.04778156996587,0,0,"batchA"
639,260,4.53834115805947,0,0,"batchA"
606,268,1.65016501650165,0,0,"batchA"
594,265,2.02020202020202,0,0,"batchA"
607,262,1.4827018121911,0,0,"batchA"
609,267,2.13464696223317,0,0,"batchA"
592,261,2.02702702702703,0,0,"batchA"
584,248,1.88356164383562,0,0,"batchA"
650,261,2.46153846153846,0,0,"batchA"
583,256,2.57289879931389,0,0,"batchA"
647,261,2.62751159196291,0,0,"batchA"
627,260,2.23285486443381,0,0,"batchA"
592,254,2.53378378378378,0,0,"batchA"
611,259,2.61865793780687,0,0,"batchA"
625,256,3.2,0,0,"batchA"
603,249,1.99004975124378,0,0,"batchA"
635,265,2.51968503937008,0,0,"batchA"
586,262,3.58361774744027,0,0,"batchA"
608,254,2.63157894736842,0,0,"batchA"
622,263,1.76848874598071,0,0,"batchA"
597,259,2.68006700167504,0,0,"batchA"
580,251,2.75862068965517,0,0,"batchA"
588,254,4.59183673469388,0,0,"batchA"
638,260,2.50783699059561,0,0,"batchA"
611,261,2.45499181669394,0,0,"batchA"
595,263,1.51260504201681,0,0,"batchA"
629,264,2.54372019077901,0,0,"batchA"
630,246,2.53968253968254,0,0,"batchA"
629,258,2.86168521462639,0,0,"batchA"
625,263,2.56,0,0,"batchA"
605,256,3.1404958677686,0,0,"batchA"
626,257,2.3961661341853,0,0,"batchA"
623,264,1.4446227929374,0,0,"batchA"
599,261,3.33889816360601,0,0,"batchA"
590,260,2.03389830508475,0,0,"batchA"
635,264,2.04724409448819,0,0,"batchA"
606,262,2.14521452145215,0,0,"batchA"
624,263,2.72435897435897,0,0,"batchA"
611,258,1.47299509001637,0,0,"batchA"
614,260,1.62866449511401,0,0,"batchA"
612,266,1.79738562091503,0,0,"batchA"
614,261,1.30293159609121,0,0,"batchA"
578,251,2.59515570934256,0,0,"batchA"
593,255,1.18043844856661,0,0,"batchA"
653,268,2.60336906584992,0,0,"batchA"
583,245,2.91595197255575,0,0,"batchA"
610,259,1.14754098360656,0,0,"batchA"
557,251,1.25673249551167,0,0,"batchA"
601,268,1.33111480865225,0,0,"batchA"
567,253,2.82186948853616,0,0,"batchA"
592,251,2.7027027027027,0,0,"batchA"
590,258,1.1864406779661,0,0,"batchA"
632,267,2.37341772151899,0,0,"batchA"
612,252,2.94117647058824,0,0,"batchA"
585,260,2.22222222222222,0,0,"batchA"
621,255,2.09339774557166,0,0,"batchA"
600,260,2.16666666666667,0,0,"batchA"
587,259,2.72572402044293,0,0,"batchA"
631,263,2.37717908082409,0,0,"batchA"
618,264,2.58899676375405,0,0,"batchA"
604,260,2.98013245033113,0,0,"batchA"
605,257,2.31404958677686,0,0,"batchA"
646,265,2.78637770897833,0,0,"batchA"
650,265,1.38461538461538,0,0,"batchA"
588,256,2.72108843537415,0,0,"batchA"
640,265,2.03125,0,0,"batchA"
607,261,1.81219110378913,0,0,"batchA"
583,260,1.71526586620926,0,0,"batchA"
640,261,1.875,0,0,"batchA"
613,262,1.46818923327896,0,0,"batchA"
587,264,2.89608177172061,0,0,"batchA"
605,271,1.98347107438017,0,0,"batchA"
590,260,3.22033898305085,0,0,"batchA"
631,260,3.32805071315372,0,0,"batchA"
587,262,2.0442930153322,0,0,"batchA"
654,262,2.59938837920489,0,0,"batchA"
607,261,2.14168039538715,0,0,"batchA"
566,255,1.9434628975265,0,0,"batchA"
587,259,2.0442930153322,0,0,"batchA"
627,261,2.5518341307815,0,0,"batchA"
610,271,2.29508196721311,0,0,"batchA"
618,251,2.26537216828479,0,0,"batchA"
588,268,2.38095238095238,0,0,"batchA"
601,259,2.1630615640599,0,0,"batchA"
623,263,3.21027287319422,0,0,"batchA"
615,254,1.30081300813008,0,0,"batchA"
590,260,2.3728813559322,0,0,"batchA"
629,266,2.06677265500795,0,0,"batchA"
618,262,1.45631067961165,0,0,"batchA"
619,272,2.4232633279483,0,0,"batchA"
591,255,1.69204737732657,0,0,"batchA"
626,263,2.87539936102236,0,0,"batchA"
601,251,1.99667221297837,0,0,"batchA"
637,265,2.04081632653061,0,0,"batchA"
625,267,2.88,0,0,"batchA"
576,254,2.25694444444444,0,0,"batchA"
553,248,2.35081374321881,0,0,"batchA"
590,245,2.20338983050847,0,0,"batchA"
642,259,1.09034267912773,0,0,"batchA"
589,257,0.33955857385399,0,0,"batchA"
598,246,1.83946488294314,0,0,"batchA"
628,270,1.91082802547771,0,0,"batchA"
527,245,2.65654648956357,0,0,"batchA"
581,261,1.54905335628227,0,0,"batchA"
637,262,1.25588697017268,0,0,"batchA"
578,261,2.24913494809689,0,0,"batchA"
601,252,2.32945091514143,0,0,"batchA"
617,266,1.94489465153971,0,0,"batchA"
614,264,2.28013029315961,0,0,"batchA"
568,262,2.8169014084507,0,0,"batchA"
586,252,2.38907849829352,0,0,"batchA"
634,259,1.73501577287066,0,0,"batchA"
626,260,1.2779552715655,0,0,"batchA"
566,256,2.82685512367491,0,0,"batchA"
607,262,2.63591433278418,0,0,"batchA"
624,262,2.56410256410256,0,0,"batchA"
622,271,1.92926045016077,0,0,"batchA"
628,260,1.91082802547771,0,0,"batchA"
636,256,2.83018867924528,0,0,"batchA"
615,249,2.4390243902439,0,0,"batchA"
609,270,2.13464696223317,0,0,"batchA"
541,247,2.03327171903882,0,0,"batchA"
622,258,3.05466237942122,0,0,"batchA"
602,261,2.6578073089701,0,0,"batchA"
654,265,3.05810397553517,0,0,"batchA"
614,258,1.95439739413681,0,0,"batchA"
573,251,2.96684118673647,0,0,"batchA"
586,260,1.87713310580205,0,0,"batchA"
603,260,1.99004975124378,0,0,"batchA"
596,257,3.35570469798658,0,0,"batchA"
587,252,1.0221465076661,0,0,"batchA"
590,263,2.03389830508475,0,0,"batchA"
574,253,2.4390243902439,0,0,"batchA"
572,257,1.74825174825175,0,0,"batchA"
594,256,1.68350168350168,0,0,"batchA"
621,262,1.93236714975845,0,0,"batchA"
590,257,1.35593220338983,0,0,"batchA"
574,252,3.48432055749129,0,0,"batchA"
608,259,2.63157894736842,0,0,"batchA"
615,263,2.4390243902439,0,0,"batchA"
612,263,1.96078431372549,0,0,"batchA"
650,269,2.30769230769231,0,0,"batchA"
615,257,1.46341463414634,0,0,"batchA"
589,269,1.35823429541596,0,0,"batchA"
593,267,2.02360876897133,0,0,"batchA"
631,268,3.16957210776545,0,0,"batchA"
657,262,2.89193302891933,0,0,"batchA"
670,269,1.94029850746269,0,0,"batchA"
585,257,1.88034188034188,0,0,"batchA"
597,261,2.51256281407035,0,0,"batchA"
663,272,2.56410256410256,0,0,"batchA"
597,260,1.34003350083752,0,0,"batchA"
633,269,1.4218009478673,0,0,"batchA"
622,264,2.57234726688103,0,0,"batchA"
606,265,0.495049504950495,0,0,"batchA"
650,264,1.53846153846154,0,0,"batchA"
621,259,3.5426731078905,0,0,"batchA"
626,261,2.87539936102236,0,0,"batchA"
652,262,2.91411042944785,0,0,"batchA"
628,262,2.38853503184713,0,0,"batchA"
592,258,1.68918918918919,0,0,"batchA"
619,258,2.4232633279483,0,0,"batchA"
605,259,1.15702479338843,0,0,"batchA"
632,258,1.89873417721519,0,0,"batchA"
593,261,2.36087689713322,0,0,"batchA"
633,260,2.21169036334913,0,0,"batchA"
573,251,1.91972076788831,0,0,"batchA"
611,262,1.14566284779051,0,0,"batchA"
606,264,3.13531353135314,0,0,"batchA"
597,253,3.85259631490787,0,0,"batchA"
583,260,1.02915951972556,0,0,"batchA"
598,258,1.67224080267559,0,0,"batchA"
627,263,2.23285486443381,0,0,"batchA"
638,268,3.13479623824451,0,0,"batchA"
602,260,1.49501661129568,0,0,"batchA"
633,269,0.947867298578199,0,0,"batchA"
541,248,4.4362292051756,0,0,"batchA"
624,270,2.24358974358974,0,0,"batchA"
661,272,1.81543116490166,0,0,"batchA"
616,264,2.5974025974026,0,0,"batchA"
618,260,1.61812297734628,0,0,"batchA"
609,264,2.62725779967159,0,0,"batchA"
662,261,1.51057401812689,0,0,"batchA"
632,264,2.68987341772152,0,0,"batchA"
591,255,2.53807106598985,0,0,"batchA"
557,246,1.79533213644524,0,0,"batchA"
606,259,2.47524752475248,0,0,"batchA"
547,244,2.92504570383912,0,0,"batchA"
653,269,2.75650842266462,0,0,"batchA"
591,253,2.87648054145516,0,0,"batchA"
559,254,0.894454382826476,0,0,"batchA"
637,264,1.25588697017268,0,0,"batchA"
593,250,2.19224283305228,0,0,"batchA"
593,255,2.36087689713322,0,0,"batchA"
615,247,2.27642276422764,0,0,"batchA"
597,264,2.01005025125628,0,0,"batchA"
614,251,3.74592833876221,0,0,"batchA"
594,258,1.85185185185185,0,0,"batchA"
633,260,3.3175355450237,0,0,"batchA"
591,248,2.53807106598985,0,0,"batchA"
576,253,2.95138888888889,0,0,"batchA"
583,254,3.2590051457976,0,0,"batchA"
585,261,2.39316239316239,0,0,"batchA"
624,253,1.92307692307692,0,0,"batchA"
610,257,2.29508196721311,0,0,"batchA"
643,258,1.86625194401244,0,0,"batchA"
620,258,2.09677419354839,0,0,"batchA"
557,250,1.97486535008977,0,0,"batchA"
641,266,2.34009360374415,0,0,"batchA"
621,263,1.93236714975845,0,0,"batchA"
628,256,3.18471337579618,0,0,"batchA"
624,263,2.08333333333333,0,0,"batchA"
606,255,1.81518151815182,0,0,"batchA"
623,254,3.04975922953451,0,0,"batchA"
567,255,2.82186948853616,0,0,"batchA"
607,258,2.30642504118616,0,0,"batchA"
639,267,2.34741784037559,0,0,"batchA"
588,256,2.55102040816327,0,0,"batchA"
617,257,1.13452188006483,0,0,"batchA"
615,253,1.13821138211382,0,0,"batchA"
584,242,2.22602739726027,0,0,"batchA"
635,272,1.5748031496063,0,0,"batchA"
631,262,2.21870047543582,0,0,"batchA"
641,262,3.27613104524181,0,0,"batchA"
655,263,2.13740458015267,0,0,"batchA"
596,262,2.85234899328859,0,0,"batchA"
614,252,2.76872964169381,0,0,"batchA"
632,260,1.89873417721519,0,0,"batchA"
640,270,2.03125,0,0,"batchA"
614,251,2.44299674267101,0,0,"batchA"
613,262,2.12071778140294,0,0,"batchA"
635,264,1.41732283464567,0,0,"batchA"
607,263,2.14168039538715,0,0,"batchA"
586,258,2.90102389078498,0,0,"batchA"
644,258,3.57142857142857,0,0,"batchA"
646,267,2.63157894736842,0,0,"batchA"
611,244,2.12765957446809,0,0,"batchA"
618,259,1.61812297734628,0,0,"batchA"
633,260,2.21169036334913,0,0,"batchA"
619,256,2.10016155088853,0,0,"batchA"
594,244,2.02020202020202,0,0,"batchA"
555,247,2.34234234234234,0,0,"batchA"
615,265,2.60162601626016,0,0,"batchA"
611,270,2.29132569558101,0,0,"batchA"
601,265,0.831946755407654,0,0,"batchA"
583,249,1.20068610634648,0,0,"batchA"
643,264,2.02177293934681,0,0,"batchA"
618,260,2.9126213592233,0,0,"batchA"
632,265,2.37341772151899,0,0,"batchA"
603,250,2.98507462686567,0,0,"batchA"
620,262,2.90322580645161,0,0,"batchA"
566,252,2.12014134275618,0,0,"batchA"
609,255,2.62725779967159,0,0,"batchA"
562,258,1.77935943060498,0,0,"batchA"
617,258,3.40356564019449,0,0,"batchA"
618,256,2.58899676375405,0,0,"batchA"
616,264,2.11038961038961,0,0,"batchA"
617,264,2.10696920583468,0,0,"batchA"
629,265,2.7027027027027,0,0,"batchA"
654,266,1.37614678899083,0,0,"batchA"
603,248,3.48258706467662,0,0,"batchA"
618,265,3.07443365695793,0,0,"batchA"
616,264,2.75974025974026,0,0,"batchA"
589,259,1.86757215619694,0,0,"batchA"
611,268,3.10965630114566,0,0,"batchA"
608,257,1.80921052631579,0,0,"batchA"
635,252,2.51968503937008,0,0,"batchA"
633,259,1.73775671406003,0,0,"batchA"
587,252,2.21465076660988,0,0,"batchA"
601,253,2.1630615640599,0,0,"batchA"
636,263,2.0440251572327,0,0,"batchA"
558,259,0.896057347670251,0,0,"batchA"
592,253,2.53378378378378,0,0,"batchA"
602,261,2.82392026578073,0,0,"batchA"
635,255,2.04724409448819,0,0,"batchA"
604,257,2.31788079470199,0,0,"batchA"
603,256,2.65339966832504,0,0,"batchA"
592,244,2.53378378378378,0,0,"batchA"
629,267,2.38473767885533,0,0,"batchA"
631,257,2.69413629160063,0,0,"batchA"
621,251,2.09339774557166,0,0,"batchA"
632,260,2.05696202531646,0,0,"batchA"
579,248,2.59067357512953,0,0,"batchA"
568,253,2.46478873239437,0,0,"batchA"
587,266,2.72572402044293,0,0,"batchA"
558,246,2.5089605734767,0,0,"batchA"
615,264,1.46341463414634,0,0,"batchA"
605,255,2.14876033057851,0,0,"batchA"
596,256,2.01342281879195,0,0,"batchA"
628,259,3.18471337579618,0,0,"batchA"
624,258,2.24358974358974,0,0,"batchA"
629,265,3.02066772655008,0,0,"batchA"
610,263,1.80327868852459,0,0,"batchA"
600,257,1.5,0,0,"batchA"
610,263,1.14754098360656,0,0,"batchA"
607,267,2.63591433278418,0,0,"batchA"
644,261,2.79503105590062,0,0,"batchA"
599,265,3.33889816360601,0,0,"batchA"
624,258,1.44230769230769,0,0,"batchA"
568,248,2.11267605633803,0,0,"batchA"
651,260,2.61136712749616,0,0,"batchA"
593,250,2.36087689713322,0,0,"batchA"
633,265,2.05371248025276,0,0,"batchA"
599,256,2.67111853088481,0,0,"batchA"
608,258,2.96052631578947,0,0,"batchA"
606,260,3.7953795379538,0,0,"batchA"
595,245,1.68067226890756,0,0,"batchA"
620,266,1.7741935483871,0,0,"batchA"
597,257,2.34505862646566,0,0,"batchA"
627,259,2.39234449760766,0,0,"batchA"
622,254,2.57234726688103,0,0,"batchA"
641,264,2.96411856474259,0,0,"batchA"
658,261,2.58358662613982,0,0,"batchA"
597,253,2.01005025125628,0,0,"batchA"
636,262,3.77358490566038,0,0,"batchA"
583,250,2.22984562607204,0,0,"batchA"
605,255,1.65289256198347,0,0,"batchA"
639,257,2.660406885759,0,0,"batchA"
607,252,1.81219110378913,0,0,"batchA"
605,262,2.31404958677686,0,0,"batchA"
616,257,2.5974025974026,0,0,"batchA"
584,258,2.3972602739726,0,0,"batchA"
606,249,1.98019801980198,0,0,"batchA"
644,259,4.50310559006211,0,0,"batchA"
597,251,3.18257956448911,0,0,"batchA"
645,264,2.63565891472868,0,0,"batchA"
646,263,2.32198142414861,0,0,"batchA"
586,252,2.04778156996587,0,0,"batchA"
611,256,1.80032733224223,0,0,"batchA"
576,250,2.43055555555556,0,0,"batchA"
586,254,3.07167235494881,0,0,"batchA"
632,266,2.53164556962025,0,0,"batchA"
627,265,2.23285486443381,0,0,"batchA"
595,258,3.36134453781513,0,0,"batchA"
594,261,2.18855218855219,0,0,"batchA"
594,257,0.841750841750842,0,0,"batchA"
661,273,2.42057488653555,0,0,"batchA"
593,261,1.85497470489039,0,0,"batchA"
651,262,1.99692780337942,0,0,"batchA"
590,252,2.54237288135593,0,0,"batchA"
602,257,1.66112956810631,0,0,"batchA"
583,251,1.71526586620926,0,0,"batchA"
595,254,2.01680672268908,0,0,"batchA"
612,254,1.63398692810458,0,0,"batchA"
603,259,2.81923714759536,0,0,"batchA"
594,255,2.02020202020202,0,0,"batchA"
580,246,3.10344827586207,0,0,"batchA"
596,255,1.67785234899329,0,0,"batchA"
623,263,2.08667736757624,0,0,"batchA"
589,258,2.20713073005093,0,0,"batchA"
590,263,2.03389830508475,0,0,"batchA"
617,255,2.43111831442464,0,0,"batchA"
614,265,1.95439739413681,0,0,"batchA"
548,251,3.1021897810219,0,0,"batchA"
588,248,1.87074829931973,0,0,"batchA"
553,254,1.26582278481013,0,0,"batchA"
620,260,2.09677419354839,0,0,"batchA"
626,266,2.55591054313099,0,0,"batchA"
614,255,2.28013029315961,0,0,"batchA"
623,259,1.28410914927769,0,0,"batchA"
653,263,2.75650842266462,0,0,"batchA"
629,260,1.74880763116057,0,0,"batchA"
658,262,2.73556231003039,0,0,"batchA"
570,255,2.80701754385965,0,0,"batchA"
591,251,1.52284263959391,0,0,"batchA"
617,269,2.59319286871961,0,0,"batchA"
609,262,2.46305418719212,0,0,"batchA"
651,266,2.30414746543779,0,0,"batchA"
609,263,2.13464696223317,0,0,"batchA"
627,253,2.39234449760766,0,0,"batchA"
579,253,2.41796200345423,0,0,"batchA"
609,262,2.95566502463054,0,0,"batchA"
584,250,2.91095890410959,0,0,"batchA"
641,261,1.87207488299532,0,0,"batchA"
571,261,2.1015761821366,0,0,"batchA"
604,263,2.31788079470199,0,0,"batchA"
612,260,2.12418300653595,0,0,"batchA"
611,252,2.7823240589198,0,0,"batchA"
566,249,1.59010600706714,0,0,"batchA"
640,261,1.875,0,0,"batchA"
618,261,2.26537216828479,0,0,"batchA"
594,250,2.18855218855219,0,0,"batchA"
587,262,2.38500851788756,0,0,"batchA"
569,253,2.28471001757469,0,0,"batchA"
580,256,1.37931034482759,0,0,"batchA"
650,268,2.46153846153846,0,0,"batchA"
587,250,1.70357751277683,0,0,"batchA"
617,261,1.94489465153971,0,0,"batchA"
631,263,2.06022187004754,0,0,"batchA"
587,248,2.89608177172061,0,0,"batchA"
630,264,2.22222222222222,0,0,"batchA"
583,253,2.57289879931389,0,0,"batchA"
673,260,1.93164933135215,0,0,"batchA"
642,271,2.33644859813084,0,0,"batchA"
623,259,2.72873194221509,0,0,"batchA"
627,259,3.82775119617225,0,0,"batchA"
625,264,3.52,0,0,"batchA"
637,254,2.04081632653061,0,0,"batchA"
617,263,1.94489465153971,0,0,"batchA"
574,251,2.09059233449477,0,0,"batchA"
598,265,2.67558528428094,0,0,"batchA"
587,264,2.21465076660988,0,0,"batchA"
637,267,2.35478806907378,0,0,"batchA"
586,257,2.21843003412969,0,0,"batchA"
621,255,2.73752012882448,0,0,"batchA"
593,259,3.37268128161889,0,0,"batchA"
598,258,1.83946488294314,0,0,"batchA"
604,256,2.1523178807947,0,0,"batchA"
613,257,2.77324632952692,0,0,"batchA"
621,261,1.93236714975845,0,0,"batchA"
618,265,1.13268608414239,0,0,"batchA"
582,246,2.92096219931271,0,0,"batchA"
652,260,2.60736196319018,0,0,"batchA"
608,264,3.125,0,0,"batchA"
614,261,2.11726384364821,0,0,"batchA"
594,266,2.52525252525253,0,0,"batchA"
655,265,2.13740458015267,0,0,"batchA"
586,262,3.41296928327645,0,0,"batchA"
625,257,1.6,0,0,"batchA"
632,258,1.89873417721519,0,0,"batchA"
613,260,2.61011419249592,0,0,"batchA"
566,255,2.82685512367491,0,0,"batchA"
619,272,1.61550888529887,0,0,"batchA"
551,258,1.99637023593466,0,0,"batchA"
592,259,2.02702702702703,0,0,"batchA"
587,253,1.53321976149915,0,0,"batchA"
547,246,2.0109689213894,0,0,"batchA"
608,257,2.13815789473684,0,0,"batchA"
590,262,3.72881355932203,0,0,"batchA"
569,259,3.1634446397188,0,0,"batchA"
630,272,2.38095238095238,0,0,"batchA"
601,257,1.66389351081531,0,0,"batchA"
591,257,1.69204737732657,0,0,"batchA"
648,264,2.00617283950617,0,0,"batchA"
605,259,1.15702479338843,0,0,"batchA"
599,260,2.33722871452421,0,0,"batchA"
612,263,2.45098039215686,0,0,"batchA"
628,268,3.02547770700637,0,0,"batchA"
605,260,2.14876033057851,0,0,"batchA"
620,254,3.38709677419355,0,0,"batchA"
611,260,2.7823240589198,0,0,"batchA"
638,265,3.76175548589342,0,0,"batchA"
597,264,2.34505862646566,0,0,"batchA"
586,259,2.38907849829352,0,0,"batchA"
613,254,1.63132137030995,0,0,"batchA"
623,263,2.56821829855538,0,0,"batchA"
614,258,1.95439739413681,0,0,"batchA"
624,262,2.24358974358974,0,0,"batchA"
611,267,1.6366612111293,0,0,"batchA"
644,268,3.1055900621118,0,0,"batchA"
606,268,1.98019801980198,0,0,"batchA"
594,265,1.85185185185185,0,0,"batchA"
608,258,2.30263157894737,0,0,"batchA"
586,257,1.87713310580205,0,0,"batchA"
609,259,2.95566502463054,0,0,"batchA"
627,273,2.07336523125997,0,0,"batchA"
643,262,2.48833592534992,0,0,"batchA"
581,253,3.44234079173838,0,0,"batchA"
613,261,2.28384991843393,0,0,"batchA"
626,266,2.3961661341853,0,0,"batchA"
582,254,2.92096219931271,0,0,"batchA"
579,251,2.93609671848014,0,0,"batchA"
631,256,1.743264659271,0,0,"batchA"
607,266,2.63591433278418,0,0,"batchA"
635,264,1.41732283464567,0,0,"batchA"
601,258,3.49417637271215,0,0,"batchA"
622,268,3.21543408360129,0,0,"batchA"
581,252,2.40963855421687,0,0,"batchA"
639,257,5.63380281690141,0,0,"batchA"
605,253,1.81818181818182,0,0,"batchA"
628,263,1.7515923566879,0,0,"batchA"
613,261,1.30505709624796,0,0,"batchA"
606,261,1.32013201320132,0,0,"batchA"
593,253,3.54131534569983,0,0,"batchA"
588,254,2.55102040816327,0,0,"batchA"
638,268,2.03761755485893,0,0,"batchA"
613,265,1.95758564437194,0,0,"batchA"
613,258,1.14192495921697,0,0,"batchA"
590,255,2.88135593220339,0,0,"batchA"
570,253,2.28070175438596,0,0,"batchA"
617,263,3.24149108589951,0,0,"batchA"
627,260,2.07336523125997,0,0,"batchA"
571,251,2.97723292469352,0,0,"batchA"
644,259,3.1055900621118,0,0,"batchA"
617,254,2.91734197730956,0,0,"batchA"
601,261,2.1630615640599,0,0,"batchA"
604,256,1.82119205298013,0,0,"batchA"
614,253,2.93159609120521,0,0,"batchA"
602,249,2.32558139534884,0,0,"batchA"
599,257,1.3355592654424,0,0,"batchA"
600,258,2.33333333333333,0,0,"batchA"
619,257,2.4232633279483,0,0,"batchA"
615,260,2.4390243902439,0,0,"batchA"
626,261,2.07667731629393,0,0,"batchA"
642,256,3.42679127725857,0,0,"batchA"
617,263,2.91734197730956,0,0,"batchA"
580,260,2.58620689655172,0,0,"batchA"
614,257,2.11726384364821,0,0,"batchA"
645,268,1.08527131782946,0,0,"batchA"
613,267,2.12071778140294,0,0,"batchA"
603,261,3.15091210613599,0,0,"batchA"
631,267,2.06022187004754,0,0,"batchA"
639,260,3.12989045383412,0,0,"batchA"
617,270,0.972447325769854,0,0,"batchA"
626,256,2.71565495207668,0,0,"batchA"
634,259,2.20820189274448,0,0,"batchA"
620,261,1.45161290322581,0,0,"batchA"
568,255,2.8169014084507,0,0,"batchA"
631,263,4.43740095087163,0,0,"batchA"
619,261,2.26171243941842,0,0,"batchA"
633,274,3.47551342812006,0,0,"batchA"
584,256,2.3972602739726,0,0,"batchA"
624,260,3.52564102564103,0,0,"batchA"
597,270,1.84254606365159,0,0,"batchA"
618,263,1.94174757281553,0,0,"batchA"
599,262,2.33722871452421,0,0,"batchA"
609,262,2.13464696223317,0,0,"batchA"
666,265,3.003003003003,0,0,"batchA"
579,250,3.10880829015544,0,0,"batchA"
656,253,3.20121951219512,0,0,"batchA"
596,262,2.3489932885906,0,0,"batchA"
599,260,1.83639398998331,0,0,"batchA"
618,262,2.42718446601942,0,0,"batchA"
620,263,2.58064516129032,0,0,"batchA"
591,260,1.86125211505922,0,0,"batchA"
582,255,4.12371134020619,0,0,"batchA"
590,250,1.69491525423729,0,0,"batchA"
622,264,2.57234726688103,0,0,"batchA"
582,264,1.3745704467354,0,0,"batchA"
624,264,1.92307692307692,0,0,"batchA"
568,250,2.8169014084507,0,0,"batchA"
615,256,2.76422764227642,0,0,"batchA"
593,261,2.86677908937605,0,0,"batchA"
603,261,1.99004975124378,0,0,"batchA"
626,265,1.75718849840256,0,0,"batchA"
607,265,2.63591433278418,0,0,"batchA"
580,256,2.06896551724138,0,0,"batchA"
591,257,2.19966159052453,0,0,"batchA"
599,256,3.33889816360601,0,0,"batchA"
585,254,2.56410256410256,0,0,"batchA"
617,257,2.59319286871961,0,0,"batchA"
591,254,2.87648054145516,0,0,"batchA"
637,261,1.72684458398744,0,0,"batchA"
601,258,2.49584026622296,0,0,"batchA"
627,257,1.91387559808612,0,0,"batchA"
593,257,2.69814502529511,0,0,"batchA"
605,259,2.64462809917355,0,0,"batchA"
575,258,1.73913043478261,0,0,"batchA"
583,264,1.37221269296741,0,0,"batchA"
609,252,2.62725779967159,0,0,"batchA"
614,265,2.44299674267101,0,0,"batchA"
635,261,2.20472440944882,0,0,"batchA"
599,257,2.00333889816361,0,0,"batchA"
624,260,2.40384615384615,0,0,"batchA"
626,257,2.87539936102236,0,0,"batchA"
630,268,0.793650793650794,0,0,"batchA"
595,261,2.18487394957983,0,0,"batchA"
649,263,2.00308166409861,0,0,"batchA"
645,260,2.17054263565891,0,0,"batchA"
647,262,2.16383307573416,0,0,"batchA"
628,274,2.38853503184713,0,0,"batchA"
617,260,3.07941653160454,0,0,"batchA"
637,264,2.66875981161695,0,0,"batchA"
614,254,3.58306188925081,0,0,"batchA"
614,265,2.28013029315961,0,0,"batchA"
620,252,3.06451612903226,0,0,"batchA"
623,259,1.92616372391653,0,0,"batchA"
621,260,1.77133655394525,0,0,"batchA"
656,264,1.67682926829268,0,0,"batchA"
613,265,2.12071778140294,0,0,"batchA"
613,262,1.95758564437194,0,0,"batchA"
592,255,2.7027027027027,0,0,"batchA"
600,252,2.66666666666667,0,0,"batchA"
610,248,2.78688524590164,0,0,"batchA"
595,254,2.01680672268908,0,0,"batchA"
616,257,3.08441558441558,0,0,"batchA"
588,261,2.72108843537415,0,0,"batchA"
621,258,2.57648953301127,0,0,"batchA"
588,267,3.40136054421769,0,0,"batchA"
626,266,3.19488817891374,0,0,"batchA"
612,263,2.12418300653595,0,0,"batchA"
593,263,1.68634064080944,0,0,"batchA"
577,261,1.55979202772964,0,0,"batchA"
615,257,2.11382113821138,0,0,"batchA"
654,260,1.68195718654434,0,0,"batchA"
574,253,2.61324041811847,0,0,"batchA"
615,263,2.4390243902439,0,0,"batchA"
627,258,1.91387559808612,0,0,"batchA"
606,260,1.81518151815182,0,0,"batchA"
612,257,2.61437908496732,0,0,"batchA"
654,270,3.21100917431193,0,0,"batchA"
628,260,3.18471337579618,0,0,"batchA"
606,257,1.65016501650165,0,0,"batchA"
615,265,1.95121951219512,0,0,"batchA"
609,260,1.64203612479475,0,0,"batchA"
569,255,2.81195079086116,0,0,"batchA"
605,261,1.48760330578512,0,0,"batchA"
647,260,2.31839258114374,0,0,"batchA"
640,272,1.875,0,0,"batchA"
599,259,1.669449081803,0,0,"batchA"
658,268,1.51975683890578,0,0,"batchA"
635,259,1.73228346456693,0,0,"batchA"
612,256,3.10457516339869,0,0,"batchA"
646,264,1.54798761609907,0,0,"batchA"
607,262,1.31795716639209,0,0,"batchA"
577,253,2.4263431542461,0,0,"batchA"
662,263,1.81268882175227,0,0,"batchA"
568,254,2.8169014084507,0,0,"batchA"
645,265,2.48062015503876,0,0,"batchA"
595,252,3.19327731092437,0,0,"batchA"
589,258,1.18845500848896,0,0,"batchA"
621,258,2.57648953301127,0,0,"batchA"
574,254,2.78745644599303,0,0,"batchA"
649,261,1.2326656394453,0,0,"batchA"
606,261,3.3003300330033,0,0,"batchA"
596,259,2.68456375838926,0,0,"batchA"
599,258,3.00500834724541,0,0,"batchA"
632,264,1.74050632911392,0,0,"batchA"
597,252,2.68006700167504,0,0,"batchA"
629,258,1.58982511923688,0,0,"batchA"
639,261,3.12989045383412,0,0,"batchA"
588,258,1.19047619047619,0,0,"batchA"
616,271,2.11038961038961,0,0,"batchA"
611,260,1.80032733224223,0,0,"batchA"
566,254,1.06007067137809,0,0,"batchA"
641,265,3.43213728549142,0,0,"batchA"
633,261,2.21169036334913,0,0,"batchA"
615,264,0.975609756097561,0,0,"batchA"
627,258,2.23285486443381,0,0,"batchA"
622,261,1.28617363344051,0,0,"batchA"
590,263,2.54237288135593,0,0,"batchA"
626,269,2.87539936102236,0,0,"batchA"
618,265,2.58899676375405,0,0,"batchA"
603,255,2.98507462686567,0,0,"batchA"
611,258,1.47299509001637,0,0,"batchA"
626,267,1.75718849840256,0,0,"batchA"
579,256,2.24525043177893,0,0,"batchA"
605,254,2.8099173553719,0,0,"batchA"
610,263,1.63934426229508,0,0,"batchA"
627,261,1.27591706539075,0,0,"batchA"
644,264,2.17391304347826,0,0,"batchA"
660,273,1.66666666666667,0,0,"batchA"
608,269,1.64473684210526,0,0,"batchA"
610,247,2.29508196721311,0,0,"batchA"
584,257,1.71232876712329,0,0,"batchA"
637,263,2.82574568288854,0,0,"batchA"
631,260,2.85261489698891,0,0,"batchA"
642,255,2.02492211838006,0,0,"batchA"
568,249,3.69718309859155,0,0,"batchA"
602,259,2.6578073089701,0,0,"batchA"
609,262,2.79146141215107,0,0,"batchA"
617,264,1.78282009724473,0,0,"batchA"
597,255,2.17755443886097,0,0,"batchA"
624,263,2.40384615384615,0,0,"batchA"
621,263,2.25442834138486,0,0,"batchA"
574,247,3.65853658536585,0,0,"batchA"
609,258,1.80623973727422,0,0,"batchA"
587,267,2.21465076660988,0,0,"batchA"
598,249,2.0066889632107,0,0,"batchA"
580,251,1.72413793103448,0,0,"batchA"
585,253,2.05128205128205,0,0,"batchA"
566,255,1.9434628975265,0,0,"batchA"
589,265,1.52801358234295,0,0,"batchA"
614,265,3.25732899022801,0,0,"batchA"
592,263,1.52027027027027,0,0,"batchA"
624,264,2.08333333333333,0,0,"batchA"
626,266,2.3961661341853,0,0,"batchA"
606,251,2.80528052805281,0,0,"batchA"
603,257,1.99004975124378,0,0,"batchA"
618,255,2.9126213592233,0,0,"batchA"
595,254,2.6890756302521,0,0,"batchA"
604,259,1.82119205298013,0,0,"batchA"
610,262,2.45901639344262,0,0,"batchA"
601,254,1.99667221297837,0,0,"batchA"
611,250,2.7823240589198,0,0,"batchA"
664,268,1.80722891566265,0,0,"batchA"
595,265,1.84873949579832,0,0,"batchA"
608,269,2.30263157894737,0,0,"batchA"
644,261,2.32919254658385,0,0,"batchA"
644,267,1.86335403726708,0,0,"batchA"
556,249,3.77697841726619,0,0,"batchA"
615,260,2.92682926829268,0,0,"batchA"
602,254,2.6578073089701,0,0,"batchA"
607,260,1.97693574958814,0,0,"batchA"
630,257,2.22222222222222,0,0,"batchA"
617,267,2.26904376012966,0,0,"batchA"
625,260,2.08,0,0,"batchA"
597,266,2.34505862646566,0,0,"batchA"
602,255,2.32558139534884,0,0,"batchA"
616,258,2.11038961038961,0,0,"batchA"
594,256,1.68350168350168,0,0,"batchA"
617,263,2.59319286871961,0,0,"batchA"
555,255,2.16216216216216,0,0,"batchA"
587,256,2.21465076660988,0,0,"batchA"
619,260,2.74636510500808,0,0,"batchA"
590,248,2.54237288135593,0,0,"batchA"
584,262,3.08219178082192,0,0,"batchA"
599,267,1.83639398998331,0,0,"batchA"
596,260,2.01342281879195,0,0,"batchA"
576,254,2.43055555555556,0,0,"batchA"
597,257,2.01005025125628,0,0,"batchA"
639,262,2.19092331768388,0,0,"batchA"
645,266,2.63565891472868,0,0,"batchA"
617,252,1.29659643435981,0,0,"batchA"
638,262,2.97805642633229,0,0,"batchA"
625,261,3.04,0,0,"batchA"
591,250,3.38409475465313,0,0,"batchA"
572,258,3.4965034965035,0,0,"batchA"
607,260,2.63591433278418,0,0,"batchA"
567,251,2.82186948853616,0,0,"batchA"
631,270,2.37717908082409,0,0,"batchA"
638,267,1.72413793103448,0,0,"batchA"
676,266,2.07100591715976,0,0,"batchA"
597,256,2.34505862646566,0,0,"batchA"
604,253,2.64900662251656,0,0,"batchA"
573,254,2.09424083769634,0,0,"batchA"
591,260,2.7072758037225,0,0,"batchA"
628,262,1.43312101910828,0,0,"batchA"
586,253,1.87713310580205,0,0,"batchA"
552,255,1.6304347826087,0,0,"batchA"
555,262,1.98198198198198,0,0,"batchA"
584,254,2.73972602739726,0,0,"batchA"
585,262,2.39316239316239,0,0,"batchA"
641,265,1.5600624024961,0,0,"batchA"
577,261,2.77296360485269,0,0,"batchA"
605,257,2.8099173553719,0,0,"batchA"
633,263,1.57977883096367,0,0,"batchA"
603,261,2.48756218905473,0,0,"batchA"
610,260,3.44262295081967,0,0,"batchA"
624,263,1.92307692307692,0,0,"batchA"
609,254,1.97044334975369,0,0,"batchA"
606,256,2.31023102310231,0,0,"batchA"
586,263,1.87713310580205,0,0,"batchA"
625,264,1.92,0,0,"batchA"
600,252,1.83333333333333,0,0,"batchA"
609,263,2.13464696223317,0,0,"batchA"
609,256,3.28407224958949,0,0,"batchA"
601,262,3.16139767054908,0,0,"batchA"
645,264,3.41085271317829,0,0,"batchA"
596,253,2.51677852348993,0,0,"batchA"
587,256,1.19250425894378,0,0,"batchA"
641,260,1.5600624024961,0,0,"batchB"
624,264,2.24358974358974,0,0,"batchB"
613,266,2.28384991843393,0,0,"batchB"
609,253,2.29885057471264,0,0,"batchB"
633,261,2.05371248025276,0,0,"batchB"
590,254,1.35593220338983,0,0,"batchB"
595,256,2.35294117647059,0,0,"batchB"
630,261,3.01587301587302,0,0,"batchB"
607,255,2.47116968698517,0,0,"batchB"
586,250,1.5358361774744,0,0,"batchB"
636,248,2.20125786163522,0,0,"batchB"
635,273,1.10236220472441,0,0,"batchB"
581,256,2.23752151462995,0,0,"batchB"
586,256,2.73037542662116,0,0,"batchB"
629,264,3.33863275039746,0,0,"batchB"
634,260,1.73501577287066,0,0,"batchB"
586,247,1.87713310580205,0,0,"batchB"
632,263,1.89873417721519,0,0,"batchB"
603,261,2.65339966832504,0,0,"batchB"
579,259,1.55440414507772,0,0,"batchB"
622,268,2.2508038585209,0,0,"batchB"
611,261,3.10965630114566,0,0,"batchB"
594,253,2.02020202020202,0,0,"batchB"
605,267,2.14876033057851,0,0,"batchB"
597,257,1.00502512562814,0,0,"batchB"
608,261,2.30263157894737,0,0,"batchB"
637,265,2.04081632653061,0,0,"batchB"
572,254,2.27272727272727,0,0,"batchB"
659,265,2.73141122913505,0,0,"batchB"
619,260,1.77705977382876,0,0,"batchB"
640,268,1.875,0,0,"batchB"
614,267,2.28013029315961,0,0,"batchB"
629,262,2.86168521462639,0,0,"batchB"
623,253,2.56821829855538,0,0,"batchB"
600,262,1.83333333333333,0,0,"batchB"
586,256,1.70648464163823,0,0,"batchB"
565,255,2.83185840707965,0,0,"batchB"
581,258,2.23752151462995,0,0,"batchB"
657,279,2.28310502283105,0,0,"batchB"
604,264,1.49006622516556,0,0,"batchB"
657,269,3.0441400304414,0,0,"batchB"
586,253,2.73037542662116,0,0,"batchB"
639,269,2.50391236306729,0,0,"batchB"
599,261,1.83639398998331,0,0,"batchB"
576,251,2.08333333333333,0,0,"batchB"
598,256,2.50836120401338,0,0,"batchB"
652,254,2.14723926380368,0,0,"batchB"
611,257,2.29132569558101,0,0,"batchB"
652,263,1.99386503067485,0,0,"batchB"
615,265,4.0650406504065,0,0,"batchB"
619,258,2.4232633279483,0,0,"batchB"
637,266,1.72684458398744,0,0,"batchB"
636,261,2.35849056603774,0,0,"batchB"
615,260,1.46341463414634,0,0,"batchB"
601,256,2.32945091514143,0,0,"batchB"
605,249,2.31404958677686,0,0,"batchB"
617,260,1.78282009724473,0,0,"batchB"
570,252,3.15789473684211,0,0,"batchB"
612,253,3.26797385620915,0,0,"batchB"
608,261,2.63157894736842,0,0,"batchB"
571,260,2.27670753064799,0,0,"batchB"
578,254,2.24913494809689,0,0,"batchB"
625,265,2.08,0,0,"batchB"
618,264,2.10355987055016,0,0,"batchB"
612,257,3.43137254901961,0,0,"batchB"
640,267,1.71875,0,0,"batchB"
579,258,1.89982728842832,0,0,"batchB"
643,270,2.17729393468118,0,0,"batchB"
598,258,3.34448160535117,0,0,"batchB"
649,264,2.00308166409861,0,0,"batchB"
591,263,2.53807106598985,0,0,"batchB"
576,262,3.64583333333333,0,0,"batchB"
627,269,2.5518341307815,0,0,"batchB"
581,246,1.72117039586919,0,0,"batchB"
596,249,2.18120805369128,0,0,"batchB"
616,268,1.94805194805195,0,0,"batchB"
591,256,3.04568527918782,0,0,"batchB"
600,262,2.33333333333333,0,0,"batchB"
607,265,2.8006589785832,0,0,"batchB"
570,261,1.92982456140351,0,0,"batchB"
605,255,2.47933884297521,0,0,"batchB"
620,256,2.09677419354839,0,0,"batchB"
590,253,2.03389830508475,0,0,"batchB"
608,263,2.96052631578947,0,0,"batchB"
585,253,2.05128205128205,0,0,"batchB"
571,257,1.40105078809107,0,0,"batchB"
638,266,2.19435736677116,0,0,"batchB"
656,272,1.21951219512195,0,0,"batchB"
612,269,0.816993464052288,0,0,"batchB"
646,260,1.70278637770898,0,0,"batchB"
605,256,3.30578512396694,0,0,"batchB"
655,268,2.44274809160305,0,0,"batchB"
622,259,2.41157556270096,0,0,"batchB"
630,263,1.42857142857143,0,0,"batchB"
609,265,1.3136288998358,0,0,"batchB"
612,261,3.43137254901961,0,0,"batchB"
673,267,1.93164933135215,0,0,"batchB"
644,264,1.08695652173913,0,0,"batchB"
612,271,3.26797385620915,0,0,"batchB"
642,271,2.33644859813084,0,0,"batchB"
585,249,2.39316239316239,0,0,"batchB"
583,255,3.08747855917667,0,0,"batchB"
615,258,2.76422764227642,0,0,"batchB"
599,252,1.83639398998331,0,0,"batchB"
609,259,3.28407224958949,0,0,"batchB"
606,260,1.98019801980198,0,0,"batchB"
587,261,2.21465076660988,0,0,"batchB"
655,270,2.59541984732824,0,0,"batchB"
656,259,2.59146341463415,0,0,"batchB"
578,255,2.59515570934256,0,0,"batchB"
588,258,3.06122448979592,0,0,"batchB"
579,251,2.59067357512953,0,0,"batchB"
604,254,2.81456953642384,0,0,"batchB"
648,265,1.85185185185185,0,0,"batchB"
612,263,2.45098039215686,0,0,"batchB"
593,255,2.19224283305228,0,0,"batchB"
595,264,2.18487394957983,0,0,"batchB"
590,248,1.86440677966102,0,0,"batchB"
616,260,2.5974025974026,0,0,"batchB"
635,252,2.04724409448819,0,0,"batchB"
614,251,2.44299674267101,0,0,"batchB"
662,262,2.26586102719033,0,0,"batchB"
596,254,2.51677852348993,0,0,"batchB"
598,248,1.67224080267559,0,0,"batchB"
629,258,3.33863275039746,0,0,"batchB"
582,256,2.92096219931271,0,0,"batchB"
628,262,2.07006369426752,0,0,"batchB"
674,270,2.07715133531157,0,0,"batchB"
608,259,1.31578947368421,0,0,"batchB"
642,267,1.24610591900312,0,0,"batchB"
625,266,2.08,0,0,"batchB"
634,275,2.05047318611987,0,0,"batchB"
605,252,3.63636363636364,0,0,"batchB"
596,252,1.84563758389262,0,0,"batchB"
623,268,3.04975922953451,0,0,"batchB"
650,268,2.61538461538462,0,0,"batchB"
586,261,2.38907849829352,0,0,"batchB"
619,267,1.93861066235864,0,0,"batchB"
604,250,2.1523178807947,0,0,"batchB"
597,265,2.17755443886097,0,0,"batchB"
609,258,2.95566502463054,0,0,"batchB"
564,260,2.12765957446809,0,0,"batchB"
598,257,2.17391304347826,0,0,"batchB"
624,259,1.92307692307692,0,0,"batchB"
635,274,0.94488188976378,0,0,"batchB"
575,250,2.26086956521739,0,0,"batchB"
627,257,2.5518341307815,0,0,"batchB"
648,259,2.31481481481481,0,0,"batchB"
568,245,2.11267605633803,0,0,"batchB"
615,260,3.2520325203252,0,0,"batchB"
602,263,1.99335548172757,0,0,"batchB"
617,260,2.26904376012966,0,0,"batchB"
594,252,2.18855218855219,0,0,"batchB"
595,267,2.01680672268908,0,0,"batchB"
639,265,3.12989045383412,0,0,"batchB"
570,242,2.63157894736842,0,0,"batchB"
606,266,2.80528052805281,0,0,"batchB"
635,263,2.04724409448819,0,0,"batchB"
568,256,3.69718309859155,0,0,"batchB"
659,266,3.33839150227618,0,0,"batchB"
649,262,2.31124807395994,0,0,"batchB"
622,267,2.57234726688103,0,0,"batchB"
591,256,2.36886632825719,0,0,"batchB"
623,269,2.56821829855538,0,0,"batchB"
618,261,2.10355987055016,0,0,"batchB"
592,251,1.52027027027027,0,0,"batchB"
627,259,1.91387559808612,0,0,"batchB"
577,252,2.4263431542461,0,0,"batchB"
606,251,2.47524752475248,0,0,"batchB"
588,258,1.53061224489796,0,0,"batchB"
594,259,1.01010101010101,0,0,"batchB"
597,270,1.17252931323283,0,0,"batchB"
619,262,1.61550888529887,0,0,"batchB"
621,254,2.57648953301127,0,0,"batchB"
628,265,2.70700636942675,0,0,"batchB"
593,258,2.52951096121417,0,0,"batchB"
667,270,2.39880059970015,0,0,"batchB"
596,264,1.67785234899329,0,0,"batchB"
620,261,2.74193548387097,0,0,"batchB"
643,263,2.17729393468118,0,0,"batchB"
627,270,2.07336523125997,0,0,"batchB"
646,266,1.54798761609907,0,0,"batchB"
634,260,2.05047318611987,0,0,"batchB"
568,251,2.46478873239437,0,0,"batchB"
590,260,1.35593220338983,0,0,"batchB"
604,261,2.1523178807947,0,0,"batchB"
617,261,3.56564019448947,0,0,"batchB"
673,272,1.78306092124814,0,0,"batchB"
599,265,2.17028380634391,0,0,"batchB"
565,249,3.89380530973451,0,0,"batchB"
610,262,1.31147540983607,0,0,"batchB"
627,251,2.87081339712919,0,0,"batchB"
602,257,3.65448504983389,0,0,"batchB"
670,257,2.38805970149254,0,0,"batchB"
640,263,3.125,0,0,"batchB"
616,255,2.27272727272727,0,0,"batchB"
607,269,3.78912685337727,0,0,"batchB"
630,267,1.58730158730159,0,0,"batchB"
586,254,3.41296928327645,0,0,"batchB"
595,248,2.52100840336134,0,0,"batchB"
647,263,2.00927357032457,0,0,"batchB"
625,258,1.12,0,0,"batchB"
599,257,2.50417362270451,0,0,"batchB"
617,258,2.26904376012966,0,0,"batchB"
620,265,2.09677419354839,0,0,"batchB"
601,252,2.32945091514143,0,0,"batchB"
656,271,2.28658536585366,0,0,"batchB"
619,257,2.10016155088853,0,0,"batchB"
592,253,3.20945945945946,0,0,"batchB"
579,256,1.55440414507772,0,0,"batchB"
633,266,2.68562401263823,0,0,"batchB"
614,254,1.95439739413681,0,0,"batchB"
580,251,2.75862068965517,0,0,"batchB"
586,255,2.21843003412969,0,0,"batchB"
577,257,2.4263431542461,0,0,"batchB"
634,255,2.05047318611987,0,0,"batchB"
635,266,3.30708661417323,0,0,"batchB"
611,255,1.96399345335516,0,0,"batchB"
603,254,1.82421227197347,0,0,"batchB"
605,259,2.31404958677686,0,0,"batchB"
590,252,1.69491525423729,0,0,"batchB"
607,254,2.47116968698517,0,0,"batchB"
634,264,3.15457413249211,0,0,"batchB"
603,256,2.32172470978441,0,0,"batchB"
585,253,1.88034188034188,0,0,"batchB"
639,262,3.28638497652582,0,0,"batchB"
654,264,2.75229357798165,0,0,"batchB"
599,248,2.67111853088481,0,0,"batchB"
652,271,2.45398773006135,0,0,"batchB"
579,261,2.76338514680484,0,0,"batchB"
608,257,1.48026315789474,0,0,"batchB"
622,252,3.05466237942122,0,0,"batchB"
602,254,2.49169435215947,0,0,"batchB"
679,270,2.65095729013255,0,0,"batchB"
637,259,0.627943485086342,0,0,"batchB"
641,264,2.49609984399376,0,0,"batchB"
641,265,2.49609984399376,0,0,"batchB"
626,266,1.59744408945687,0,0,"batchB"
623,263,2.24719101123596,0,0,"batchB"
657,266,1.5220700152207,0,0,"batchB"
627,263,2.5518341307815,0,0,"batchB"
616,262,2.27272727272727,0,0,"batchB"
632,260,2.05696202531646,0,0,"batchB"
622,267,2.73311897106109,0,0,"batchB"
626,261,2.3961661341853,0,0,"batchB"
612,255,2.28758169934641,0,0,"batchB"
560,257,3.21428571428571,0,0,"batchB"
639,268,2.8169014084507,0,0,"batchB"
598,248,3.17725752508361,0,0,"batchB"
568,265,2.11267605633803,0,0,"batchB"
599,249,2.00333889816361,0,0,"batchB"
614,257,2.11726384364821,0,0,"batchB"
627,261,1.75438596491228,0,0,"batchB"
644,258,1.86335403726708,0,0,"batchB"
642,252,1.71339563862928,0,0,"batchB"
610,255,2.78688524590164,0,0,"batchB"
619,259,2.58481421647819,0,0,"batchB"
624,263,2.72435897435897,0,0,"batchB"
568,255,1.58450704225352,0,0,"batchB"
603,251,2.32172470978441,0,0,"batchB"
600,260,2.83333333333333,0,0,"batchB"
647,268,2.93663060278207,0,0,"batchB"
636,262,3.14465408805031,0,0,"batchB"
619,266,1.13085621970921,0,0,"batchB"
587,249,1.19250425894378,0,0,"batchB"
612,246,3.26797385620915,0,0,"batchB"
609,259,1.80623973727422,0,0,"batchB"
629,260,2.38473767885533,0,0,"batchB"
635,262,1.88976377952756,0,0,"batchB"
606,258,2.14521452145215,0,0,"batchB"
587,258,2.21465076660988,0,0,"batchB"
609,265,2.13464696223317,0,0,"batchB"
635,267,3.62204724409449,0,0,"batchB"
627,266,2.71132376395534,0,0,"batchB"
568,256,1.93661971830986,0,0,"batchB"
623,263,2.72873194221509,0,0,"batchB"
616,263,2.75974025974026,0,0,"batchB"
618,266,1.94174757281553,0,0,"batchB"
626,262,1.91693290734824,0,0,"batchB"
593,251,3.035413153457,0,0,"batchB"
620,257,1.29032258064516,0,0,"batchB"
586,257,1.5358361774744,0,0,"batchB"
641,269,1.5600624024961,0,0,"batchB"
603,263,1.65837479270315,0,0,"batchB"
581,257,2.23752151462995,0,0,"batchB"
596,256,2.18120805369128,0,0,"batchB"
606,261,1.65016501650165,0,0,"batchB"
584,257,2.3972602739726,0,0,"batchB"
597,257,2.34505862646566,0,0,"batchB"
624,262,3.04487179487179,0,0,"batchB"
627,264,2.5518341307815,0,0,"batchB"
610,251,3.11475409836066,0,0,"batchB"
620,272,1.7741935483871,0,0,"batchB"
601,248,2.32945091514143,0,0,"batchB"
600,252,2.83333333333333,0,0,"batchB"
601,262,3.32778702163062,0,0,"batchB"
613,265,1.30505709624796,0,0,"batchB"
630,254,1.9047619047619,0,0,"batchB"
533,243,1.68855534709193,0,0,"batchB"
574,245,2.61324041811847,0,0,"batchB"
620,259,2.41935483870968,0,0,"batchB"
617,263,2.59319286871961,0,0,"batchB"
570,262,2.80701754385965,0,0,"batchB"
653,262,1.53139356814701,0,0,"batchB"
615,261,1.95121951219512,0,0,"batchB"
617,257,2.59319286871961,0,0,"batchB"
618,260,2.26537216828479,0,0,"batchB"
625,258,2.24,0,0,"batchB"
642,265,2.49221183800623,0,0,"batchB"
641,264,2.34009360374415,0,0,"batchB"
613,265,2.77324632952692,0,0,"batchB"
585,256,1.88034188034188,0,0,"batchB"
597,262,1.84254606365159,0,0,"batchB"
632,256,1.74050632911392,0,0,"batchB"
618,264,1.45631067961165,0,0,"batchB"
563,257,1.77619893428064,0,0,"batchB"
585,257,2.39316239316239,0,0,"batchB"
613,260,1.46818923327896,0,0,"batchB"
626,261,2.23642172523962,0,0,"batchB"
570,258,1.57894736842105,0,0,"batchB"
644,254,2.63975155279503,0,0,"batchB"
607,256,2.96540362438221,0,0,"batchB"
617,265,2.26904376012966,0,0,"batchB"
614,264,0.977198697068404,0,0,"batchB"
579,264,2.76338514680484,0,0,"batchB"
642,258,2.18068535825545,0,0,"batchB"
578,253,1.3840830449827,0,0,"batchB"
588,254,1.70068027210884,0,0,"batchB"
598,265,3.17725752508361,0,0,"batchB"
632,265,2.37341772151899,0,0,"batchB"
597,263,1.17252931323283,0,0,"batchB"
627,256,2.71132376395534,0,0,"batchB"
642,263,2.49221183800623,0,0,"batchB"
677,271,1.7725258493353,0,0,"batchB"
588,260,1.70068027210884,0,0,"batchB"
623,250,2.40770465489567,0,0,"batchB"
591,261,1.52284263959391,0,0,"batchB"
613,260,3.58890701468189,0,0,"batchB"
629,261,2.22575516693164,0,0,"batchB"
608,257,2.30263157894737,0,0,"batchB"
591,265,1.86125211505922,0,0,"batchB"
581,263,1.72117039586919,0,0,"batchB"
582,250,2.40549828178694,0,0,"batchB"
608,246,3.125,0,0,"batchB"
606,257,1.48514851485149,0,0,"batchB"
610,264,2.78688524590164,0,0,"batchB"
607,265,2.63591433278418,0,0,"batchB"
619,252,3.23101777059774,0,0,"batchB"
586,252,2.04778156996587,0,0,"batchB"
610,254,1.9672131147541,0,0,"batchB"
637,262,2.1978021978022,0,0,"batchB"
593,253,2.02360876897133,0,0,"batchB"
593,260,2.52951096121417,0,0,"batchB"
596,259,3.35570469798658,0,0,"batchB"
590,260,2.71186440677966,0,0,"batchB"
569,257,2.10896309314587,0,0,"batchB"
625,267,3.04,0,0,"batchB"
601,258,2.32945091514143,0,0,"batchB"
619,264,3.39256865912763,0,0,"batchB"
636,258,1.72955974842767,0,0,"batchB"
624,262,2.24358974358974,0,0,"batchB"
655,269,1.37404580152672,0,0,"batchB"
616,269,1.78571428571429,0,0,"batchB"
622,264,3.69774919614148,0,0,"batchB"
605,257,1.65289256198347,0,0,"batchB"
608,257,2.13815789473684,0,0,"batchB"
577,256,1.38648180242634,0,0,"batchB"
612,253,2.94117647058824,0,0,"batchB"
591,260,2.53807106598985,0,0,"batchB"
620,265,1.7741935483871,0,0,"batchB"
591,262,2.53807106598985,0,0,"batchB"
638,263,2.35109717868339,0,0,"batchB"
609,262,1.64203612479475,0,0,"batchB"
590,262,1.35593220338983,0,0,"batchB"
585,253,1.02564102564103,0,0,"batchB"
613,258,1.79445350734095,0,0,"batchB"
605,260,2.14876033057851,0,0,"batchB"
659,273,2.27617602427921,0,0,"batchB"
607,251,1.4827018121911,0,0,"batchB"
614,265,1.62866449511401,0,0,"batchB"
647,266,1.39103554868624,0,0,"batchB"
593,266,1.34907251264755,0,0,"batchB"
606,258,1.48514851485149,0,0,"batchB"
613,266,2.28384991843393,0,0,"batchB"
626,266,1.59744408945687,0,0,"batchB"
629,262,2.06677265500795,0,0,"batchB"
584,255,2.22602739726027,0,0,"batchB"
579,259,3.10880829015544,0,0,"batchB"
616,257,1.94805194805195,0,0,"batchB"
611,252,3.10965630114566,0,0,"batchB"
598,267,2.0066889632107,0,0,"batchB"
618,266,2.58899676375405,0,0,"batchB"
652,262,2.45398773006135,0,0,"batchB"
606,263,1.81518151815182,0,0,"batchB"
618,268,2.10355987055016,0,0,"batchB"
634,259,3.78548895899054,0,0,"batchB"
630,269,2.85714285714286,0,0,"batchB"
609,265,2.13464696223317,0,0,"batchB"
622,265,1.76848874598071,0,0,"batchB"
633,260,2.3696682464455,0,0,"batchB"
606,260,2.97029702970297,0,0,"batchB"
605,262,0.826446280991736,0,0,"batchB"
597,251,2.84757118927973,0,0,"batchB"
604,252,1.98675496688742,0,0,"batchB"
606,259,2.97029702970297,0,0,"batchB"
588,250,3.2312925170068,0,0,"batchB"
635,274,2.67716535433071,0,0,"batchB"
622,262,2.41157556270096,0,0,"batchB"
616,255,3.08441558441558,0,0,"batchB"
613,254,2.44698205546493,0,0,"batchB"
600,258,3.33333333333333,0,0,"batchB"
639,260,2.34741784037559,0,0,"batchB"
610,258,1.9672131147541,0,0,"batchB"
580,256,2.75862068965517,0,0,"batchB"
553,252,0.904159132007233,0,0,"batchB"
622,263,2.09003215434084,0,0,"batchB"
601,263,1.66389351081531,0,0,"batchB"
601,258,1.99667221297837,0,0,"batchB"
656,258,2.13414634146341,0,0,"batchB"
606,263,2.97029702970297,0,0,"batchB"
612,261,2.77777777777778,0,0,"batchB"
620,265,3.38709677419355,0,0,"batchB"
649,265,1.69491525423729,0,0,"batchB"
646,262,2.63157894736842,0,0,"batchB"
622,257,2.89389067524116,0,0,"batchB"
605,262,1.48760330578512,0,0,"batchB"
598,262,1.83946488294314,0,0,"batchB"
580,254,2.93103448275862,0,0,"batchB"
610,263,2.78688524590164,0,0,"batchB"
609,253,1.14942528735632,0,0,"batchB"
635,269,2.20472440944882,0,0,"batchB"
601,263,1.99667221297837,0,0,"batchB"
604,257,1.98675496688742,0,0,"batchB"
586,254,2.73037542662116,0,0,"batchB"
621,255,1.93236714975845,0,0,"batchB"
633,267,2.05371248025276,0,0,"batchB"
622,260,1.92926045016077,0,0,"batchB"
624,263,2.40384615384615,0,0,"batchB"
644,256,2.63975155279503,0,0,"batchB"
639,263,2.03442879499218,0,0,"batchB"
606,255,1.65016501650165,0,0,"batchB"
615,257,1.95121951219512,0,0,"batchB"
604,270,1.15894039735099,0,0,"batchB"
612,255,3.92156862745098,0,0,"batchB"
667,258,2.99850074962519,0,0,"batchB"
566,253,2.65017667844523,0,0,"batchB"
655,273,1.52671755725191,0,0,"batchB"
592,263,2.36486486486486,0,0,"batchB"
604,258,2.31788079470199,0,0,"batchB"
582,244,1.89003436426117,0,0,"batchB"
621,259,2.57648953301127,0,0,"batchB"
607,255,1.64744645799012,0,0,"batchB"
596,251,2.85234899328859,0,0,"batchB"
638,265,2.66457680250784,0,0,"batchB"
587,259,3.74787052810903,0,0,"batchB"
577,251,2.77296360485269,0,0,"batchB"
616,265,2.11038961038961,0,0,"batchB"
590,262,1.52542372881356,0,0,"batchB"
631,260,2.21870047543582,0,0,"batchB"
630,271,3.17460317460317,0,0,"batchB"
618,270,3.88349514563107,0,0,"batchB"
613,262,1.79445350734095,0,0,"batchB"
603,262,2.65339966832504,0,0,"batchB"
596,265,1.67785234899329,0,0,"batchB"
613,254,2.77324632952692,0,0,"batchB"
611,263,3.43698854337152,0,0,"batchB"
629,268,1.58982511923688,0,0,"batchB"
564,253,2.30496453900709,0,0,"batchB"
609,253,2.13464696223317,0,0,"batchB"
629,263,3.02066772655008,0,0,"batchB"
602,261,1.82724252491694,0,0,"batchB"
619,260,2.58481421647819,0,0,"batchB"
631,255,1.58478605388273,0,0,"batchB"
583,259,1.20068610634648,0,0,"batchB"
567,253,2.46913580246914,0,0,"batchB"
561,250,3.03030303030303,0,0,"batchB"
614,258,3.58306188925081,0,0,"batchB"
605,264,2.97520661157025,0,0,"batchB"
602,255,1.49501661129568,0,0,"batchB"
627,265,2.07336523125997,0,0,"batchB"
647,265,2.00927357032457,0,0,"batchB"
612,257,1.96078431372549,0,0,"batchB"
638,270,2.50783699059561,0,0,"batchB"
594,261,2.02020202020202,0,0,"batchB"
624,260,2.24358974358974,0,0,"batchB"
600,252,2,0,0,"batchB"
589,255,2.03735144312394,0,0,"batchB"
607,260,2.63591433278418,0,0,"batchB"
589,262,2.54668930390492,0,0,"batchB"
596,256,1.67785234899329,0,0,"batchB"
597,250,1.84254606365159,0,0,"batchB"
600,253,3,0,0,"batchB"
633,262,2.21169036334913,0,0,"batchB"
614,260,1.79153094462541,0,0,"batchB"
611,262,1.80032733224223,0,0,"batchB"
618,253,1.94174757281553,0,0,"batchB"
587,259,2.55536626916525,0,0,"batchB"
631,256,3.01109350237718,0,0,"batchB"
604,252,2.64900662251656,0,0,"batchB"
558,255,1.97132616487455,0,0,"batchB"
614,249,2.44299674267101,0,0,"batchB"
590,262,3.05084745762712,0,0,"batchB"
626,253,1.43769968051118,0,0,"batchB"
629,262,1.90779014308426,0,0,"batchB"
624,259,1.28205128205128,0,0,"batchB"
611,257,1.96399345335516,0,0,"batchB"
641,258,2.80811232449298,0,0,"batchB"
578,250,1.73010380622837,0,0,"batchB"
619,259,1.77705977382876,0,0,"batchB"
627,262,3.03030303030303,0,0,"batchB"
597,264,1.50753768844221,0,0,"batchB"
617,259,1.13452188006483,0,0,"batchB"
611,261,1.96399345335516,0,0,"batchB"
621,258,2.25442834138486,0,0,"batchB"
598,260,3.17725752508361,0,0,"batchB"
622,253,2.41157556270096,0,0,"batchB"
618,261,2.75080906148867,0,0,"batchB"
623,273,1.92616372391653,0,0,"batchB"
616,255,2.5974025974026,0,0,"batchB"
625,256,2.24,0,0,"batchB"
621,251,2.25442834138486,0,0,"batchB"
636,255,1.25786163522013,0,0,"batchB"
616,254,2.27272727272727,0,0,"batchB"
603,265,1.32669983416252,0,0,"batchB"
571,267,1.57618213660245,0,0,"batchB"
624,272,1.92307692307692,0,0,"batchB"
605,261,2.8099173553719,0,0,"batchB"
638,263,3.60501567398119,0,0,"batchB"
650,264,2.76923076923077,0,0,"batchB"
590,261,2.3728813559322,0,0,"batchB"
559,251,2.68336314847943,0,0,"batchB"
569,253,1.93321616871705,0,0,"batchB"
594,253,2.02020202020202,0,0,"batchB"
591,251,2.03045685279188,0,0,"batchB"
619,254,2.58481421647819,0,0,"batchB"
602,262,2.6578073089701,0,0,"batchB"
596,251,1.67785234899329,0,0,"batchB"
601,252,2.66222961730449,0,0,"batchB"
611,261,1.6366612111293,0,0,"batchB"
636,263,1.72955974842767,0,0,"batchB"
612,258,3.10457516339869,0,0,"batchB"
596,264,1.84563758389262,0,0,"batchB"
610,254,1.80327868852459,0,0,"batchB"
561,256,1.60427807486631,0,0,"batchB"
594,264,1.68350168350168,0,0,"batchB"
603,259,2.65339966832504,0,0,"batchB"
632,259,2.21518987341772,0,0,"batchB"
582,253,2.40549828178694,0,0,"batchB"
567,256,2.11640211640212,0,0,"batchB"
648,246,1.85185185185185,0,0,"batchB"
637,266,2.04081632653061,0,0,"batchB"
596,259,2.01342281879195,0,0,"batchB"
580,255,2.41379310344828,0,0,"batchB"
591,266,3.04568527918782,0,0,"batchB"
605,259,1.98347107438017,0,0,"batchB"
619,261,2.4232633279483,0,0,"batchB"
580,253,3.10344827586207,0,0,"batchB"
588,262,2.04081632653061,0,0,"batchB"
592,257,2.19594594594595,0,0,"batchB"
562,251,2.49110320284698,0,0,"batchB"
617,266,1.78282009724473,0,0,"batchB"
600,250,1.66666666666667,0,0,"batchB"
605,265,1.15702479338843,0,0,"batchB"
628,266,2.54777070063694,0,0,"batchB"
584,258,2.91095890410959,0,0,"batchB"
583,254,1.54373927958834,0,0,"batchB"
622,260,1.92926045016077,0,0,"batchB"
640,264,1.875,0,0,"batchB"
603,263,2.65339966832504,0,0,"batchB"
608,260,2.30263157894737,0,0,"batchB"
603,262,1.49253731343284,0,0,"batchB"
661,261,1.51285930408472,0,0,"batchB"
602,250,2.82392026578073,0,0,"batchB"
626,255,2.07667731629393,0,0,"batchB"
607,256,1.97693574958814,0,0,"batchB"
610,246,0.819672131147541,0,0,"batchB"
598,263,2.84280936454849,0,0,"batchB"
619,256,2.58481421647819,0,0,"batchB"
637,262,2.51177394034537,0,0,"batchB"
653,265,3.98162327718224,0,0,"batchB"
622,259,3.21543408360129,0,0,"batchB"
593,249,2.69814502529511,0,0,"batchB"
637,264,1.88383045525903,0,0,"batchB"
623,261,2.40770465489567,0,0,"batchB"
594,263,1.17845117845118,0,0,"batchB"
647,269,1.85471406491499,0,0,"batchB"
607,253,1.64744645799012,0,0,"batchB"
631,262,1.58478605388273,0,0,"batchB"
617,263,1.62074554294976,0,0,"batchB"
635,262,2.04724409448819,0,0,"batchB"
586,255,2.38907849829352,0,0,"batchB"
603,259,1.82421227197347,0,0,"batchB"
638,259,1.41065830721003,0,0,"batchB"
557,252,2.15439856373429,0,0,"batchB"
628,256,2.54777070063694,0,0,"batchB"
636,266,3.93081761006289,0,0,"batchB"
612,254,3.75816993464052,0,0,"batchB"
669,265,3.43796711509716,0,0,"batchB"
592,257,3.37837837837838,0,0,"batchB"
595,264,1.84873949579832,0,0,"batchB"
655,267,3.3587786259542,0,0,"batchB"
636,263,2.0440251572327,0,0,"batchB"
587,258,1.0221465076661,0,0,"batchB"
650,264,2.46153846153846,0,0,"batchB"
607,266,3.62438220757825,0,0,"batchB"
655,258,3.05343511450382,0,0,"batchB"
647,268,3.70942812982998,0,0,"batchB"
635,268,2.20472440944882,0,0,"batchB"
646,269,1.85758513931889,0,0,"batchB"
652,267,2.76073619631902,0,0,"batchB"
602,257,1.66112956810631,0,0,"batchB"
591,261,2.36886632825719,0,0,"batchB"
599,255,3.33889816360601,0,0,"batchB"
604,265,1.65562913907285,0,0,"batchB"
582,265,2.74914089347079,0,0,"batchB"
622,260,1.92926045016077,0,0,"batchB"
588,252,2.2108843537415,0,0,"batchB"
563,256,3.37477797513321,0,0,"batchB"
621,258,3.22061191626409,0,0,"batchB"
586,255,1.5358361774744,0,0,"batchB"
610,257,2.13114754098361,0,0,"batchB"
604,262,1.65562913907285,0,0,"batchB"
634,270,2.20820189274448,0,0,"batchB"
631,260,1.58478605388273,0,0,"batchB"
640,268,2.8125,0,0,"batchB"
555,244,1.98198198198198,0,0,"batchB"
581,258,2.92598967297762,0,0,"batchB"
594,250,2.18855218855219,0,0,"batchB"
636,265,2.0440251572327,0,0,"batchB"
586,247,2.38907849829352,0,0,"batchB"
612,258,1.63398692810458,0,0,"batchB"
605,261,2.8099173553719,0,0,"batchB"
628,269,2.54777070063694,0,0,"batchB"
632,261,1.26582278481013,0,0,"batchB"
616,270,1.78571428571429,0,0,"batchB"
610,262,2.95081967213115,0,0,"batchB"
597,260,2.51256281407035,0,0,"batchB"
622,263,2.09003215434084,0,0,"batchB"
613,255,1.46818923327896,0,0,"batchB"
621,257,1.12721417069243,0,0,"batchB"
570,259,1.57894736842105,0,0,"batchB"
654,271,2.59938837920489,0,0,"batchB"
614,260,2.60586319218241,0,0,"batchB"
602,264,1.32890365448505,0,0,"batchB"
606,253,2.47524752475248,0,0,"batchB"
634,258,1.57728706624606,0,0,"batchB"
568,262,1.58450704225352,0,0,"batchB"
638,265,2.19435736677116,0,0,"batchB"
604,269,1.15894039735099,0,0,"batchB"
616,258,2.43506493506493,0,0,"batchB"
617,266,2.43111831442464,0,0,"batchB"
617,264,1.78282009724473,0,0,"batchB"
553,248,2.53164556962025,0,0,"batchB"
592,261,2.19594594594595,0,0,"batchB"
555,256,1.26126126126126,0,0,"batchB"
620,265,1.93548387096774,0,0,"batchB"
611,272,3.27332242225859,0,0,"batchB"
603,260,2.32172470978441,0,0,"batchB"
605,262,2.97520661157025,0,0,"batchB"
583,255,2.40137221269297,0,0,"batchB"
612,261,2.45098039215686,0,0,"batchB"
669,269,1.79372197309417,0,0,"batchB"
642,267,2.9595015576324,0,0,"batchB"
579,263,2.76338514680484,0,0,"batchB"
633,255,1.8957345971564,0,0,"batchB"
613,267,2.44698205546493,0,0,"batchB"
637,256,3.13971742543171,0,0,"batchB"
598,264,1.67224080267559,0,0,"batchB"
623,265,2.40770465489567,0,0,"batchB"
617,267,1.62074554294976,0,0,"batchB"
593,257,2.19224283305228,0,0,"batchB"
598,257,2.67558528428094,0,0,"batchB"
627,270,1.75438596491228,0,0,"batchB"
581,264,1.72117039586919,0,0,"batchB"
600,260,3,0,0,"batchB"
591,251,2.03045685279188,0,0,"batchB"
588,254,2.55102040816327,0,0,"batchB"
599,261,2.67111853088481,0,0,"batchB"
619,256,3.39256865912763,0,0,"batchB"
633,261,1.57977883096367,0,0,"batchB"
624,261,3.36538461538462,0,0,"batchB"
541,246,1.66358595194085,0,0,"batchB"
653,264,1.68453292496172,0,0,"batchB"
617,264,1.78282009724473,0,0,"batchB"
586,250,2.73037542662116,0,0,"batchB"
645,264,2.63565891472868,0,0,"batchB"
600,268,1.83333333333333,0,0,"batchB"
604,257,2.81456953642384,0,0,"batchB"
594,261,2.02020202020202,0,0,"batchB"
563,253,2.66429840142096,0,0,"batchB"
575,241,2.08695652173913,0,0,"batchB"
601,260,1.16472545757072,0,0,"batchB"
573,250,2.09424083769634,0,0,"batchB"
628,266,2.86624203821656,0,0,"batchB"
607,263,2.30642504118616,0,0,"batchB"
641,265,1.87207488299532,0,0,"batchB"
614,261,1.95439739413681,0,0,"batchB"
600,260,2,0,0,"batchB"
573,253,2.44328097731239,0,0,"batchB"
605,256,1.32231404958678,0,0,"batchB"
599,259,2.17028380634391,0,0,"batchB"
642,272,3.73831775700935,0,0,"batchB"
600,253,1.83333333333333,0,0,"batchB"
598,253,3.51170568561873,0,0,"batchB"
625,263,1.28,0,0,"batchB"
584,246,2.3972602739726,0,0,"batchB"
621,259,2.41545893719807,0,0,"batchB"
582,259,3.26460481099656,0,0,"batchB"
609,267,2.62725779967159,0,0,"batchB"
629,260,2.38473767885533,0,0,"batchB"
599,258,2.33722871452421,0,0,"batchB"
566,257,1.06007067137809,0,0,"batchB"
635,268,3.30708661417323,0,0,"batchB"
593,256,2.19224283305228,0,0,"batchB"
631,266,2.37717908082409,0,0,"batchB"
621,263,2.57648953301127,0,0,"batchB"
613,255,2.44698205546493,0,0,"batchB"
632,264,3.00632911392405,0,0,"batchB"
592,261,3.5472972972973,0,0,"batchB"
591,259,2.03045685279188,0,0,"batchB"
620,267,2.09677419354839,0,0,"batchB"
589,250,1.86757215619694,0,0,"batchB"
587,256,3.40715502555366,0,0,"batchB"
627,270,1.91387559808612,0,0,"batchB"
571,259,3.32749562171629,0,0,"batchB"
617,270,1.45867098865478,0,0,"batchB"
609,257,3.28407224958949,0,0,"batchB"
642,257,2.49221183800623,0,0,"batchB"
638,266,2.35109717868339,0,0,"batchB"
603,253,2.48756218905473,0,0,"batchB"
595,260,3.19327731092437,0,0,"batchB"
623,263,1.92616372391653,0,0,"batchB"
587,248,2.89608177172061,0,0,"batchB"
657,267,3.0441400304414,0,0,"batchB"
595,262,3.19327731092437,0,0,"batchB"
603,266,2.32172470978441,0,0,"batchB"
572,248,2.27272727272727,0,0,"batchB"
666,265,2.1021021021021,0,0,"batchB"
628,261,2.07006369426752,0,0,"batchB"
583,255,1.71526586620926,0,0,"batchB"
625,261,2.4,0,0,"batchB"
617,258,2.43111831442464,0,0,"batchB"
618,261,1.61812297734628,0,0,"batchB"
677,270,2.51107828655835,0,0,"batchB"
575,253,3.82608695652174,0,0,"batchB"
629,264,2.54372019077901,0,0,"batchB"
635,268,1.88976377952756,0,0,"batchB"
668,257,1.04790419161677,0,0,"batchB"
625,256,3.04,0,0,"batchB"
577,255,2.07972270363951,0,0,"batchB"
583,250,2.05831903945111,0,0,"batchB"
654,260,2.29357798165138,0,0,"batchB"
643,265,1.5552099533437,0,0,"batchB"
637,260,2.51177394034537,0,0,"batchB"
656,262,2.4390243902439,0,0,"batchB"
591,251,2.19966159052453,0,0,"batchB"
603,257,3.15091210613599,0,0,"batchB"
612,264,3.43137254901961,0,0,"batchB"
615,256,2.76422764227642,0,0,"batchB"
569,249,2.81195079086116,0,0,"batchB"
615,255,3.08943089430894,0,0,"batchB"
620,263,1.12903225806452,0,0,"batchB"
586,262,3.92491467576792,0,0,"batchB"
627,261,2.23285486443381,0,0,"batchB"
576,247,2.77777777777778,0,0,"batchB"
645,268,2.48062015503876,0,0,"batchB"
587,249,2.72572402044293,0,0,"batchB"
605,249,1.48760330578512,0,0,"batchB"
579,248,2.07253886010363,0,0,"batchB"
607,267,1.4827018121911,0,0,"batchB"
627,262,2.23285486443381,0,0,"batchB"
585,255,1.53846153846154,0,0,"batchB"
611,257,2.45499181669394,0,0,"batchB"
659,270,2.12443095599393,0,0,"batchB"
620,264,2.90322580645161,0,0,"batchB"
598,253,1.83946488294314,0,0,"batchB"
614,259,3.58306188925081,0,0,"batchB"
551,245,1.63339382940109,0,0,"batchB"
654,270,1.68195718654434,0,0,"batchB"
589,256,3.05602716468591,0,0,"batchB"
522,253,2.4904214559387,0,0,"batchB"
654,264,2.75229357798165,0,0,"batchB"
613,263,2.12071778140294,0,0,"batchB"
618,261,2.10355987055016,0,0,"batchB"
587,265,2.0442930153322,0,0,"batchB"
586,252,2.38907849829352,0,0,"batchB"
663,263,2.11161387631976,0,0,"batchB"
630,271,2.06349206349206,0,0,"batchB"
576,262,1.73611111111111,0,0,"batchB"
611,262,1.6366612111293,0,0,"batchB"
612,261,1.63398692810458,0,0,"batchB"
632,264,2.21518987341772,0,0,"batchB"
601,251,3.32778702163062,0,0,"batchB"
629,269,1.74880763116057,0,0,"batchB"
626,263,2.07667731629393,0,0,"batchB"
631,260,1.10935023771791,0,0,"batchB"
600,255,2.16666666666667,0,0,"batchB"
584,255,1.1986301369863,0,0,"batchB"
620,271,3.54838709677419,0,0,"batchB"
645,258,2.63565891472868,0,0,"batchB"
625,251,3.68,0,0,"batchB"
577,256,1.38648180242634,0,0,"batchB"
619,257,2.58481421647819,0,0,"batchB"
545,252,1.65137614678899,0,0,"batchB"
612,263,3.43137254901961,0,0,"batchB"
584,254,2.22602739726027,0,0,"batchB"
597,253,2.01005025125628,0,0,"batchB"
629,263,2.54372019077901,0,0,"batchB"
656,260,1.82926829268293,0,0,"batchB"
658,267,2.12765957446809,0,0,"batchB"
578,252,2.42214532871972,0,0,"batchB"
600,259,3.16666666666667,0,0,"batchB"
593,257,2.19224283305228,0,0,"batchB"
606,247,2.80528052805281,0,0,"batchB"
614,267,1.62866449511401,0,0,"batchB"
564,252,1.95035460992908,0,0,"batchB"
646,266,2.47678018575851,0,0,"batchB"
623,262,2.08667736757624,0,0,"batchB"
629,268,2.06677265500795,0,0,"batchB"
611,262,2.45499181669394,0,0,"batchB"
621,259,3.7037037037037,0,0,"batchB"
620,263,2.09677419354839,0,0,"batchB"
621,259,3.22061191626409,0,0,"batchB"
602,268,3.15614617940199,0,0,"batchB"
606,258,2.31023102310231,0,0,"batchB"
593,256,2.36087689713322,0,0,"batchB"
589,256,2.88624787775891,0,0,"batchB"
609,263,2.46305418719212,0,0,"batchB"
594,251,2.69360269360269,0,0,"batchB"
610,260,1.47540983606557,0,0,"batchB"
597,257,3.18257956448911,0,0,"batchB"
608,262,2.96052631578947,0,0,"batchB"
662,265,1.66163141993958,0,0,"batchB"
575,255,1.21739130434783,0,0,"batchB"
618,264,1.45631067961165,0,0,"batchB"
600,261,2,0,0,"batchB"
587,254,2.55536626916525,0,0,"batchB"
608,261,2.13815789473684,0,0,"batchB"
625,260,1.6,0,0,"batchB"
617,255,2.26904376012966,0,0,"batchB"
639,267,2.97339593114241,0,0,"batchB"
603,258,0.995024875621891,0,0,"batchB"
596,265,1.84563758389262,0,0,"batchB"
610,256,2.78688524590164,0,0,"batchB"
590,265,2.3728813559322,0,0,"batchB"
574,252,3.13588850174216,0,0,"batchB"
625,266,3.2,0,0,"batchB"
613,256,2.93637846655791,0,0,"batchB"
663,271,2.4132730015083,0,0,"batchB"
619,265,2.4232633279483,0,0,"batchB"
670,268,2.23880597014925,0,0,"batchB"
647,258,3.09119010819165,0,0,"batchB"
579,257,3.28151986183074,0,0,"batchB"
646,267,2.1671826625387,0,0,"batchB"
615,258,2.4390243902439,0,0,"batchB"
569,255,1.5817223198594,0,0,"batchB"
610,263,2.62295081967213,0,0,"batchB"
632,263,2.05696202531646,0,0,"batchB"
599,254,2.50417362270451,0,0,"batchB"
616,263,1.94805194805195,0,0,"batchB"
603,261,1.82421227197347,0,0,"batchB"
627,264,2.07336523125997,0,0,"batchB"
611,256,1.30932896890344,0,0,"batchB"
605,253,2.31404958677686,0,0,"batchB"
627,265,2.39234449760766,0,0,"batchB"
625,267,2.08,0,0,"batchB"
595,258,2.6890756302521,0,0,"batchB"
596,260,1.67785234899329,0,0,"batchB"
575,252,2.95652173913043,0,0,"batchB"
608,261,1.97368421052632,0,0,"batchB"
641,266,1.5600624024961,0,0,"batchB"
627,256,2.87081339712919,0,0,"batchB"
645,261,3.41085271317829,0,0,"batchB"
657,270,1.97869101978691,0,0,"batchB"
595,257,1.51260504201681,0,0,"batchB"
584,253,1.71232876712329,0,0,"batchB"
605,261,2.64462809917355,0,0,"batchB"
613,258,1.79445350734095,0,0,"batchB"
631,256,2.69413629160063,0,0,"batchB"
580,254,2.24137931034483,0,0,"batchB"
605,256,2.31404958677686,0,0,"batchB"
592,252,3.04054054054054,0,0,"batchB"
614,265,1.62866449511401,0,0,"batchB"
593,254,2.52951096121417,0,0,"batchB"
592,257,2.53378378378378,0,0,"batchB"
646,260,3.09597523219814,0,0,"batchB"
619,260,1.61550888529887,0,0,"batchB"
630,254,2.53968253968254,0,0,"batchB"
624,261,1.92307692307692,0,0,"batchB"
600,258,1.66666666666667,0,0,"batchB"
606,254,2.47524752475248,0,0,"batchB"
625,254,2.56,0,0,"batchB"
561,253,1.60427807486631,0,0,"batchB"
641,263,2.49609984399376,0,0,"batchB"
650,262,2.30769230769231,0,0,"batchB"
650,258,1.69230769230769,0,0,"batchB"
617,255,1.62074554294976,0,0,"batchB"
652,269,1.99386503067485,0,0,"batchB"
631,271,1.26782884310618,0,0,"batchB"
608,258,2.96052631578947,0,0,"batchB"
617,258,2.43111831442464,0,0,"batchB"
587,261,3.23679727427598,0,0,"batchB"
572,261,2.7972027972028,0,0,"batchB"
600,253,2.33333333333333,0,0,"batchB"
599,261,2.50417362270451,0,0,"batchB"
574,249,1.74216027874564,0,0,"batchB"
601,261,2.66222961730449,0,0,"batchB"
588,258,1.70068027210884,0,0,"batchB"
587,259,2.0442930153322,0,0,"batchB"
564,244,1.95035460992908,0,0,"batchB"
624,262,1.92307692307692,0,0,"batchB"
593,255,1.85497470489039,0,0,"batchB"
591,244,2.87648054145516,0,0,"batchB"
630,257,1.42857142857143,0,0,"batchB"
632,266,2.84810126582278,0,0,"batchB"
612,254,3.43137254901961,0,0,"batchB"
603,254,1.49253731343284,0,0,"batchB"
598,260,2.17391304347826,0,0,"batchB"
603,254,2.98507462686567,0,0,"batchB"
606,254,3.46534653465347,0,0,"batchB"
595,258,1.68067226890756,0,0,"batchB"
614,256,1.79153094462541,0,0,"batchB"
622,261,2.41157556270096,0,0,"batchB"
601,258,2.32945091514143,0,0,"batchB"
645,266,3.41085271317829,0,0,"batchB"
604,255,3.14569536423841,0,0,"batchB"
609,264,2.62725779967159,0,0,"batchB"
625,261,3.36,0,0,"batchB"
610,265,2.95081967213115,0,0,"batchB"
584,253,4.10958904109589,0,0,"batchB"
555,266,1.44144144144144,0,0,"batchB"
584,247,2.3972602739726,0,0,"batchB"
604,255,2.31788079470199,0,0,"batchB"
633,265,1.57977883096367,0,0,"batchB"
605,261,3.1404958677686,0,0,"batchB"
565,248,3.1858407079646,0,0,"batchB"
601,257,2.66222961730449,0,0,"batchB"
618,265,2.58899676375405,0,0,"batchB"
623,263,4.01284109149278,0,0,"batchB"
582,264,2.74914089347079,0,0,"batchB"
645,266,2.94573643410853,0,0,"batchB"
559,257,1.61001788908766,0,0,"batchB"
593,259,2.69814502529511,0,0,"batchB"
588,260,1.70068027210884,0,0,"batchB"
594,254,1.85185185185185,0,0,"batchB"
583,261,3.08747855917667,0,0,"batchB"
578,256,2.07612456747405,0,0,"batchB"
589,255,2.20713073005093,0,0,"batchB"
581,264,1.72117039586919,0,0,"batchB"
634,270,2.05047318611987,0,0,"batchB"
606,261,1.48514851485149,0,0,"batchB"
558,257,1.61290322580645,0,0,"batchB"
624,261,2.24358974358974,0,0,"batchB"
587,254,1.87393526405451,0,0,"batchB"
591,255,3.04568527918782,0,0,"batchB"
627,263,3.03030303030303,0,0,"batchB"
546,256,2.1978021978022,0,0,"batchB"
609,259,3.28407224958949,0,0,"batchB"
614,265,1.30293159609121,0,0,"batchB"
571,262,1.22591943957968,0,0,"batchB"
654,263,3.6697247706422,0,0,"batchB"
602,256,3.32225913621262,0,0,"batchB"
587,248,1.87393526405451,0,0,"batchB"
637,265,1.25588697017268,0,0,"batchB"
619,269,1.77705977382876,0,0,"batchB"
628,267,2.07006369426752,0,0,"batchB"
561,254,1.7825311942959,0,0,"batchB"
618,259,2.9126213592233,0,0,"batchB"
625,258,2.24,0,0,"batchB"
615,257,2.76422764227642,0,0,"batchB"
609,270,1.14942528735632,0,0,"batchB"
618,257,2.10355987055016,0,0,"batchB"
603,264,1.82421227197347,0,0,"batchB"
602,258,1.32890365448505,0,0,"batchB"
609,257,2.95566502463054,0,0,"batchB"
621,258,3.05958132045089,0,0,"batchB"
577,258,1.55979202772964,0,0,"batchB"
619,258,1.61550888529887,0,0,"batchB"
605,261,1.81818181818182,0,0,"batchB"
581,248,2.40963855421687,0,0,"batchB"
612,269,1.47058823529412,0,0,"batchB"
553,250,3.07414104882459,0,0,"batchB"
615,263,2.11382113821138,0,0,"batchB"
587,260,2.72572402044293,0,0,"batchB"
603,249,2.65339966832504,0,0,"batchB"
553,257,2.35081374321881,0,0,"batchB"
596,254,3.69127516778523,0,0,"batchB"
606,256,2.14521452145215,0,0,"batchB"
612,268,2.61437908496732,0,0,"batchB"
590,254,3.22033898305085,0,0,"batchB"
641,267,2.80811232449298,0,0,"batchB"
604,259,2.31788079470199,0,0,"batchB"
534,251,2.62172284644195,0,0,"batchB"
604,259,0.993377483443709,0,0,"batchB"
618,260,2.58899676375405,0,0,"batchB"
642,256,2.49221183800623,0,0,"batchB"
606,267,1.65016501650165,0,0,"batchB"
637,266,1.72684458398744,0,0,"batchB"
611,268,1.6366612111293,0,0,"batchB"
625,257,3.04,0,0,"batchB"
