"radius","K","L"
0.86079057441935,2.31948973960153,-0.00153711063987039
1.7215811488387,10.1226470832183,0.0734505057395383
2.58237172325805,23.0905159659039,0.128705462849326
3.4431622976774,41.6762673198405,0.199085347272578
4.30395287209675,66.9688574296316,0.31306449697222
5.1647434465161,100.248420441044,0.48415585340892
6.02553402093545,139.678205247823,0.642370718545354
6.8863245953548,187.620323485298,0.84163786666398
7.74711516977415,245.696771100284,1.09639721189051
8.6079057441935,312.138030094624,1.35987338824379
9.46869631861285,396.655758690863,1.76782669355751
10.3294868930322,488.422779851648,2.13926603034184
11.1902774674515,596.982035937895,2.59468839805422
12.0510680418709,715.027064541476,3.03535577335209
12.9118586162902,853.064986855533,3.56658241656725
13.7726491907096,1005.21159017167,4.11502217417667
14.6334397651289,1189.43443406922,4.82443111869731
15.4942303395483,1396.25595754321,5.58756453017324
16.3550209139676,1621.30929041792,6.36234635650741
17.215811488387,1871.49317578747,7.19145750629265
18.0766020628063,2180.95551706128,8.27144724653886
18.9373926372257,2490.22114353472,9.21686119360788
19.798183211645,2833.64239907126,10.2347385498809
20.6589737860644,3212.76468511526,11.3199999506636
21.5197643604837,3670.37639405262,12.660889410949
22.3805549349031,4246.64919338461,14.3856037087293
23.2413455093224,4805.29446399917,15.8684069050713
24.1021360837418,5455.84219312853,17.5709788410087
24.9629266581611,6252.29790010143,19.6483749701083
